city,enso_index,enso_group,metric,unit,n_group_winters,n_eligible,mean,median,std,min,max,eligible_years,city_name,region,latitude_approx,included_in_proposal,included_in_repo_study
london,ONI,La Nina,mean_temp,degrees C,17,17,-4.187010032,-4.321111111,1.603806579,-6.334444444,-1.189010989,"1984,1985,1989,1996,1999,2000,2001,2006,2008,2009,2011,2012,2018,2021,2022,2023,2025",London,Southwest,43.03,False,False
london,ONI,La Nina,temp_anomaly,degrees C,17,17,-0.1076311246,-0.2417322038,1.603806579,-2.255065537,2.890367918,"1984,1985,1989,1996,1999,2000,2001,2006,2008,2009,2011,2012,2018,2021,2022,2023,2025",London,Southwest,43.03,False,False
london,ONI,La Nina,snowfall_total_cm,cm,17,7,145.1285714,125.7,49.15433905,90.5,215,"1984,1985,1989,1996,1999,2000,2001",London,Southwest,43.03,False,False
london,ONI,La Nina,snow_days,days,17,7,31.85714286,31,6.256425269,24,41,"1984,1985,1989,1996,1999,2000,2001",London,Southwest,43.03,False,False
london,ONI,La Nina,days_below_m20,days,17,16,4.1875,3,3.449033681,0,12,"1984,1985,1989,1996,1999,2000,2001,2006,2008,2009,2011,2012,2018,2021,2022,2025",London,Southwest,43.03,False,False
london,ONI,Neutral,mean_temp,degrees C,13,12,-4.721167931,-4.961495726,2.304879533,-8.082222222,-0.91,"1982,1986,1990,1991,1994,1997,2002,2004,2013,2014,2017,2026",London,Southwest,43.03,False,False
london,ONI,Neutral,temp_anomaly,degrees C,13,12,-0.6417890238,-0.8821168192,2.304879533,-4.002843315,3.169378907,"1982,1986,1990,1991,1994,1997,2002,2004,2013,2014,2017,2026",London,Southwest,43.03,False,False
london,ONI,Neutral,snowfall_total_cm,cm,13,6,154.05,156.4,33.11058743,106.4,191.3,"1982,1986,1990,1991,1997,2002",London,Southwest,43.03,False,False
london,ONI,Neutral,snow_days,days,13,6,35.16666667,36,4.956477244,27,42,"1982,1986,1990,1991,1997,2002",London,Southwest,43.03,False,False
london,ONI,Neutral,days_below_m20,days,13,10,5,2.5,5.754225501,0,17,"1982,1986,1990,1991,1997,2002,2004,2013,2014,2026",London,Southwest,43.03,False,False
london,ONI,El Nino,mean_temp,degrees C,15,15,-3.479553114,-3.77032967,1.991041677,-7.412222222,-0.1912087912,"1983,1987,1988,1992,1995,1998,2003,2005,2007,2010,2015,2016,2019,2020,2024",London,Southwest,43.03,False,False
london,ONI,El Nino,temp_anomaly,degrees C,15,15,0.5998257937,0.309049237,1.991041677,-3.332843315,3.888170116,"1983,1987,1988,1992,1995,1998,2003,2005,2007,2010,2015,2016,2019,2020,2024",London,Southwest,43.03,False,False
london,ONI,El Nino,snowfall_total_cm,cm,15,7,125.6285714,119.8,57.73729916,58.6,229.7,"1983,1987,1988,1992,1995,1998,2003",London,Southwest,43.03,False,False
london,ONI,El Nino,snow_days,days,15,7,27.14285714,25,10.51076546,17,48,"1983,1987,1988,1992,1995,1998,2003",London,Southwest,43.03,False,False
london,ONI,El Nino,days_below_m20,days,15,15,3.6,2,4.939635614,0,17,"1983,1987,1988,1992,1995,1998,2003,2005,2007,2010,2015,2016,2019,2020,2024",London,Southwest,43.03,False,False
london,ONI,Strong El Nino,mean_temp,degrees C,6,6,-2.056741962,-1.419456654,1.59641248,-4.264444444,-0.1912087912,"1983,1992,1998,2010,2016,2024",London,Southwest,43.03,False,False
london,ONI,Strong El Nino,temp_anomaly,degrees C,6,6,2.022636946,2.659922253,1.59641248,-0.1850655372,3.888170116,"1983,1992,1998,2010,2016,2024",London,Southwest,43.03,False,False
london,ONI,Strong El Nino,snowfall_total_cm,cm,6,3,96.33333333,68.6,56.91584431,58.6,161.8,"1983,1992,1998",London,Southwest,43.03,False,False
london,ONI,Strong El Nino,snow_days,days,6,3,22.66666667,21,6.658328118,17,30,"1983,1992,1998",London,Southwest,43.03,False,False
london,ONI,Strong El Nino,days_below_m20,days,6,6,1.333333333,1,1.632993162,0,4,"1983,1992,1998,2010,2016,2024",London,Southwest,43.03,False,False
ottawa,ONI,La Nina,mean_temp,degrees C,17,17,-7.925094443,-8.221111111,1.412925147,-10.06923077,-5.459550562,"1984,1985,1989,1996,1999,2000,2001,2006,2008,2009,2011,2012,2018,2021,2022,2023,2025",Ottawa,East,45.32,True,True
ottawa,ONI,La Nina,temp_anomaly,degrees C,17,17,-0.1018416047,-0.3978582727,1.412925147,-2.245977931,2.363702277,"1984,1985,1989,1996,1999,2000,2001,2006,2008,2009,2011,2012,2018,2021,2022,2023,2025",Ottawa,East,45.32,True,True
ottawa,ONI,La Nina,snowfall_total_cm,cm,17,16,175.59375,168.15,42.35836743,127.7,268.7,"1984,1985,1989,1996,1999,2000,2001,2006,2008,2009,2011,2018,2021,2022,2023,2025",Ottawa,East,45.32,True,True
ottawa,ONI,La Nina,snow_days,days,17,16,31.4375,30.5,4.857554254,23,42,"1984,1985,1989,1996,1999,2000,2001,2006,2008,2009,2011,2018,2021,2022,2023,2025",Ottawa,East,45.32,True,True
ottawa,ONI,La Nina,days_below_m20,days,17,14,14.14285714,13.5,5.907715201,5,23,"1984,1985,1989,1996,1999,2000,2001,2006,2008,2009,2011,2012,2018,2025",Ottawa,East,45.32,True,True
ottawa,ONI,Neutral,mean_temp,degrees C,13,11,-8.259465932,-9.462222222,2.038837934,-10.55222222,-4.004444444,"1982,1986,1990,1991,1997,2002,2004,2013,2014,2017,2026",Ottawa,East,45.32,True,True
ottawa,ONI,Neutral,temp_anomaly,degrees C,13,11,-0.436213094,-1.638969384,2.038837934,-2.728969384,3.818808394,"1982,1986,1990,1991,1997,2002,2004,2013,2014,2017,2026",Ottawa,East,45.32,True,True
ottawa,ONI,Neutral,snowfall_total_cm,cm,13,9,157.1111111,153.4,36.55165675,113.8,215.8,"1982,1986,1990,1991,1997,2002,2004,2017,2026",Ottawa,East,45.32,True,True
ottawa,ONI,Neutral,snow_days,days,13,9,31.11111111,29,6.05071162,21,40,"1982,1986,1990,1991,1997,2002,2004,2017,2026",Ottawa,East,45.32,True,True
ottawa,ONI,Neutral,days_below_m20,days,13,9,16.55555556,19,7.601169501,1,27,"1982,1986,1990,1991,1997,2002,2004,2014,2017",Ottawa,East,45.32,True,True
ottawa,ONI,El Nino,mean_temp,degrees C,15,15,-7.511043549,-7.183333333,2.031329253,-11.13777778,-4.065934066,"1983,1987,1988,1992,1995,1998,2003,2005,2007,2010,2015,2016,2019,2020,2024",Ottawa,East,45.32,True,True
ottawa,ONI,El Nino,temp_anomaly,degrees C,15,15,0.3122092894,0.6399195051,2.031329253,-3.314524939,3.757318772,"1983,1987,1988,1992,1995,1998,2003,2005,2007,2010,2015,2016,2019,2020,2024",Ottawa,East,45.32,True,True
ottawa,ONI,El Nino,snowfall_total_cm,cm,15,15,136.2133333,130.2,34.24416252,85.2,197.6,"1983,1987,1988,1992,1995,1998,2003,2005,2007,2010,2015,2016,2019,2020,2024",Ottawa,East,45.32,True,True
ottawa,ONI,El Nino,snow_days,days,15,15,26.8,26,4.538722287,19,35,"1983,1987,1988,1992,1995,1998,2003,2005,2007,2010,2015,2016,2019,2020,2024",Ottawa,East,45.32,True,True
ottawa,ONI,El Nino,days_below_m20,days,15,15,14.2,14,8.743977519,0,36,"1983,1987,1988,1992,1995,1998,2003,2005,2007,2010,2015,2016,2019,2020,2024",Ottawa,East,45.32,True,True
ottawa,ONI,Strong El Nino,mean_temp,degrees C,6,6,-6.239973545,-6.166111111,1.925474933,-9.68021978,-4.065934066,"1983,1992,1998,2010,2016,2024",Ottawa,East,45.32,True,True
ottawa,ONI,Strong El Nino,temp_anomaly,degrees C,6,6,1.583279293,1.657141727,1.925474933,-1.856966942,3.757318772,"1983,1992,1998,2010,2016,2024",Ottawa,East,45.32,True,True
ottawa,ONI,Strong El Nino,snowfall_total_cm,cm,6,6,131.3666667,126.2,39.84342689,85.2,191.8,"1983,1992,1998,2010,2016,2024",Ottawa,East,45.32,True,True
ottawa,ONI,Strong El Nino,snow_days,days,6,6,24.66666667,25,4.633213428,19,31,"1983,1992,1998,2010,2016,2024",Ottawa,East,45.32,True,True
ottawa,ONI,Strong El Nino,days_below_m20,days,6,6,8.666666667,7,6.801960502,0,19,"1983,1992,1998,2010,2016,2024",Ottawa,East,45.32,True,True
sudbury,ONI,La Nina,mean_temp,degrees C,17,14,-10.90235934,-11.41308365,1.62347915,-13.10769231,-7.654945055,"1984,1985,1989,1996,1999,2000,2001,2006,2008,2009,2011,2012,2018,2022",Sudbury,Northeast,46.63,False,True
sudbury,ONI,La Nina,temp_anomaly,degrees C,17,14,-0.3645591074,-0.8752834081,1.62347915,-2.56989207,2.882855182,"1984,1985,1989,1996,1999,2000,2001,2006,2008,2009,2011,2012,2018,2022",Sudbury,Northeast,46.63,False,True
sudbury,ONI,La Nina,snowfall_total_cm,cm,17,13,194.0692308,185.8,35.90701846,158,277.8,"1984,1989,1996,1999,2000,2001,2006,2008,2009,2011,2012,2018,2022",Sudbury,Northeast,46.63,False,True
sudbury,ONI,La Nina,snow_days,days,17,13,36.53846154,36,6.091187413,27,49,"1984,1989,1996,1999,2000,2001,2006,2008,2009,2011,2012,2018,2022",Sudbury,Northeast,46.63,False,True
sudbury,ONI,La Nina,days_below_m20,days,17,11,26,22,10.45944549,11,43,"1984,1989,1996,1999,2000,2001,2006,2008,2009,2011,2012",Sudbury,Northeast,46.63,False,True
sudbury,ONI,Neutral,mean_temp,degrees C,13,12,-11.45201755,-11.7157095,2.501985704,-15.45813953,-7.002222222,"1982,1986,1990,1991,1994,1997,2002,2004,2013,2014,2017,2026",Sudbury,Northeast,46.63,False,True
sudbury,ONI,Neutral,temp_anomaly,degrees C,13,12,-0.9142173092,-1.177909267,2.501985704,-4.920339298,3.535578015,"1982,1986,1990,1991,1994,1997,2002,2004,2013,2014,2017,2026",Sudbury,Northeast,46.63,False,True
sudbury,ONI,Neutral,snowfall_total_cm,cm,13,10,195.37,183.65,36.75788804,152,273.9,"1982,1986,1990,1991,1997,2002,2004,2013,2014,2017",Sudbury,Northeast,46.63,False,True
sudbury,ONI,Neutral,snow_days,days,13,10,35.6,35.5,4.812021982,29,45,"1982,1986,1990,1991,1997,2002,2004,2013,2014,2017",Sudbury,Northeast,46.63,False,True
sudbury,ONI,Neutral,days_below_m20,days,13,10,28.3,31.5,11.7383512,5,40,"1982,1986,1990,1991,1997,2002,2004,2013,2014,2017",Sudbury,Northeast,46.63,False,True
sudbury,ONI,El Nino,mean_temp,degrees C,15,14,-10.06878475,-9.333333333,1.831791822,-13.79111111,-7.720879121,"1983,1987,1988,1992,1995,1998,2003,2005,2007,2010,2015,2016,2019,2020",Sudbury,Northeast,46.63,False,True
sudbury,ONI,El Nino,temp_anomaly,degrees C,15,14,0.4690154892,1.204466904,1.831791822,-3.253310874,2.816921116,"1983,1987,1988,1992,1995,1998,2003,2005,2007,2010,2015,2016,2019,2020",Sudbury,Northeast,46.63,False,True
sudbury,ONI,El Nino,snowfall_total_cm,cm,15,13,161.4846154,159.7,58.37369336,95,267.7,"1983,1987,1988,1992,1995,1998,2003,2005,2007,2010,2015,2016,2019",Sudbury,Northeast,46.63,False,True
sudbury,ONI,El Nino,snow_days,days,15,13,33.61538462,34,6.436076206,23,47,"1983,1987,1988,1992,1995,1998,2003,2005,2007,2010,2015,2016,2019",Sudbury,Northeast,46.63,False,True
sudbury,ONI,El Nino,days_below_m20,days,15,11,27.27272727,25,9.209678703,15,46,"1983,1987,1988,1992,1995,2003,2005,2007,2010,2015,2016",Sudbury,Northeast,46.63,False,True
sudbury,ONI,Strong El Nino,mean_temp,degrees C,6,5,-8.959353199,-8.703333333,1.449793234,-11.27692308,-7.720879121,"1983,1992,1998,2010,2016",Sudbury,Northeast,46.63,False,True
sudbury,ONI,Strong El Nino,temp_anomaly,degrees C,6,5,1.578447039,1.834466904,1.449793234,-0.7391228396,2.816921116,"1983,1992,1998,2010,2016",Sudbury,Northeast,46.63,False,True
sudbury,ONI,Strong El Nino,snowfall_total_cm,cm,6,5,158.52,125.7,62.68897032,116.5,263.4,"1983,1992,1998,2010,2016",Sudbury,Northeast,46.63,False,True
sudbury,ONI,Strong El Nino,snow_days,days,6,5,33,33,4.301162634,28,39,"1983,1992,1998,2010,2016",Sudbury,Northeast,46.63,False,True
sudbury,ONI,Strong El Nino,days_below_m20,days,6,4,22,21,7.071067812,15,31,"1983,1992,2010,2016",Sudbury,Northeast,46.63,False,True
thunderbay,ONI,La Nina,mean_temp,degrees C,17,17,-12.18233906,-12.86666667,2.109882704,-15.23186813,-7.771428571,"1984,1985,1989,1996,1999,2000,2001,2006,2008,2009,2011,2012,2018,2021,2022,2023,2025",Thunder Bay,Northwest,48.37,True,True
thunderbay,ONI,La Nina,temp_anomaly,degrees C,17,17,-0.6489687135,-1.333296322,2.109882704,-3.698497787,3.761941774,"1984,1985,1989,1996,1999,2000,2001,2006,2008,2009,2011,2012,2018,2021,2022,2023,2025",Thunder Bay,Northwest,48.37,True,True
thunderbay,ONI,La Nina,snowfall_total_cm,cm,17,3,110.9333333,101.2,30.20022075,86.8,144.8,"1984,1985,1989",Thunder Bay,Northwest,48.37,True,True
thunderbay,ONI,La Nina,snow_days,days,17,3,21.33333333,20,5.131601439,17,27,"1984,1985,1989",Thunder Bay,Northwest,48.37,True,True
thunderbay,ONI,La Nina,days_below_m20,days,17,16,39.5,42,12.65438001,20,57,"1984,1985,1989,1996,1999,2001,2006,2008,2009,2011,2012,2018,2021,2022,2023,2025",Thunder Bay,Northwest,48.37,True,True
thunderbay,ONI,Neutral,mean_temp,degrees C,13,11,-12.41939397,-12.6908046,2.706049293,-17.67666667,-7.814444444,"1982,1986,1990,1991,1997,2002,2004,2013,2014,2017,2026",Thunder Bay,Northwest,48.37,True,True
thunderbay,ONI,Neutral,temp_anomaly,degrees C,13,11,-0.8860236292,-1.157434253,2.706049293,-6.143296322,3.718925901,"1982,1986,1990,1991,1997,2002,2004,2013,2014,2017,2026",Thunder Bay,Northwest,48.37,True,True
thunderbay,ONI,Neutral,snowfall_total_cm,cm,13,4,111.85,112.1,11.31326655,98.1,125.1,"1982,1986,1990,1991",Thunder Bay,Northwest,48.37,True,True
thunderbay,ONI,Neutral,snow_days,days,13,4,23.75,23.5,5.737304826,17,31,"1982,1986,1990,1991",Thunder Bay,Northwest,48.37,True,True
thunderbay,ONI,Neutral,days_below_m20,days,13,11,39.09090909,38,13.5163201,17,64,"1982,1986,1990,1991,1997,2002,2004,2013,2014,2017,2026",Thunder Bay,Northwest,48.37,True,True
thunderbay,ONI,El Nino,mean_temp,degrees C,15,14,-10.15778401,-10.35016484,2.312649961,-13.97045455,-5.771428571,"1983,1987,1988,1992,1995,1998,2003,2007,2010,2015,2016,2019,2020,2024",Thunder Bay,Northwest,48.37,True,True
thunderbay,ONI,El Nino,temp_anomaly,degrees C,15,14,1.375586339,1.18320551,2.312649961,-2.4370842,5.761941774,"1983,1987,1988,1992,1995,1998,2003,2007,2010,2015,2016,2019,2020,2024",Thunder Bay,Northwest,48.37,True,True
thunderbay,ONI,El Nino,snowfall_total_cm,cm,15,5,74.58,68.4,34.34416981,26.1,108.6,"1983,1987,1988,1992,2003",Thunder Bay,Northwest,48.37,True,True
thunderbay,ONI,El Nino,snow_days,days,15,5,17.6,19,7.231873893,6,24,"1983,1987,1988,1992,2003",Thunder Bay,Northwest,48.37,True,True
thunderbay,ONI,El Nino,days_below_m20,days,15,10,31,32.5,10.38160767,14,48,"1983,1987,1988,1992,1995,2003,2007,2010,2020,2024",Thunder Bay,Northwest,48.37,True,True
thunderbay,ONI,Strong El Nino,mean_temp,degrees C,6,6,-8.640434652,-8.819869281,1.956032023,-10.96111111,-5.771428571,"1983,1992,1998,2010,2016,2024",Thunder Bay,Northwest,48.37,True,True
thunderbay,ONI,Strong El Nino,temp_anomaly,degrees C,6,6,2.892935693,2.713501064,1.956032023,0.5722592339,5.761941774,"1983,1992,1998,2010,2016,2024",Thunder Bay,Northwest,48.37,True,True
thunderbay,ONI,Strong El Nino,snowfall_total_cm,cm,6,2,107.7,107.7,1.272792206,106.8,108.6,"1983,1992",Thunder Bay,Northwest,48.37,True,True
thunderbay,ONI,Strong El Nino,snow_days,days,6,2,23.5,23.5,0.7071067812,23,24,"1983,1992",Thunder Bay,Northwest,48.37,True,True
thunderbay,ONI,Strong El Nino,days_below_m20,days,6,4,26.5,28.5,9.609023537,14,35,"1983,1992,2010,2024",Thunder Bay,Northwest,48.37,True,True
toronto,ONI,La Nina,mean_temp,degrees C,17,17,-3.659614958,-3.63,1.618241986,-5.958241758,-0.4263736264,"1984,1985,1989,1996,1999,2000,2001,2006,2008,2009,2011,2012,2018,2021,2022,2023,2025",Toronto Pearson,South-central,43.68,True,True
toronto,ONI,La Nina,temp_anomaly,degrees C,17,17,-0.06922340996,-0.03960845231,1.618241986,-2.367850211,3.164017921,"1984,1985,1989,1996,1999,2000,2001,2006,2008,2009,2011,2012,2018,2021,2022,2023,2025",Toronto Pearson,South-central,43.68,True,True
toronto,ONI,La Nina,snowfall_total_cm,cm,17,13,86.7,89.3,30.92895084,37,144,"1984,1989,1996,1999,2000,2001,2006,2008,2009,2011,2012,2018,2023",Toronto Pearson,South-central,43.68,True,True
toronto,ONI,La Nina,snow_days,days,17,13,19,19,3.58236421,12,25,"1984,1989,1996,1999,2000,2001,2006,2008,2009,2011,2012,2018,2023",Toronto Pearson,South-central,43.68,True,True
toronto,ONI,La Nina,days_below_m20,days,17,14,2.642857143,2,3.128212634,0,11,"1984,1989,1996,1999,2000,2001,2006,2008,2009,2011,2012,2018,2023,2025",Toronto Pearson,South-central,43.68,True,True
toronto,ONI,Neutral,mean_temp,degrees C,13,13,-4.265280391,-4.716049383,2.312735568,-7.675294118,0.02888888889,"1982,1986,1990,1991,1993,1994,1997,2002,2004,2013,2014,2017,2026",Toronto Pearson,South-central,43.68,True,True
toronto,ONI,Neutral,temp_anomaly,degrees C,13,13,-0.6748888437,-1.125657835,2.312735568,-4.08490257,3.619280437,"1982,1986,1990,1991,1993,1994,1997,2002,2004,2013,2014,2017,2026",Toronto Pearson,South-central,43.68,True,True
toronto,ONI,Neutral,snowfall_total_cm,cm,13,11,88.60909091,92,29.24149294,46.2,160.2,"1982,1986,1990,1991,1997,2002,2004,2013,2014,2017,2026",Toronto Pearson,South-central,43.68,True,True
toronto,ONI,Neutral,snow_days,days,13,11,19.54545455,19,4.782544017,12,26,"1982,1986,1990,1991,1997,2002,2004,2013,2014,2017,2026",Toronto Pearson,South-central,43.68,True,True
toronto,ONI,Neutral,days_below_m20,days,13,11,4.181818182,4,4.020402513,0,13,"1982,1986,1990,1991,1997,2002,2004,2013,2014,2017,2026",Toronto Pearson,South-central,43.68,True,True
toronto,ONI,El Nino,mean_temp,degrees C,15,15,-3.121012617,-3.479120879,1.825652589,-6.516666667,0.2582417582,"1983,1987,1988,1992,1995,1998,2003,2005,2007,2010,2015,2016,2019,2020,2024",Toronto Pearson,South-central,43.68,True,True
toronto,ONI,El Nino,temp_anomaly,degrees C,15,15,0.4693789307,0.1112706686,1.825652589,-2.926275119,3.848633306,"1983,1987,1988,1992,1995,1998,2003,2005,2007,2010,2015,2016,2019,2020,2024",Toronto Pearson,South-central,43.68,True,True
toronto,ONI,El Nino,snowfall_total_cm,cm,15,13,70.61538462,69.4,27.2616289,31.6,113,"1983,1987,1988,1992,1995,1998,2003,2005,2007,2010,2016,2019,2020",Toronto Pearson,South-central,43.68,True,True
toronto,ONI,El Nino,snow_days,days,15,13,15.23076923,15,4.567162616,10,24,"1983,1987,1988,1992,1995,1998,2003,2005,2007,2010,2016,2019,2020",Toronto Pearson,South-central,43.68,True,True
toronto,ONI,El Nino,days_below_m20,days,15,15,2.666666667,2,2.968084199,0,10,"1983,1987,1988,1992,1995,1998,2003,2005,2007,2010,2015,2016,2019,2020,2024",Toronto Pearson,South-central,43.68,True,True
toronto,ONI,Strong El Nino,mean_temp,degrees C,6,6,-1.782452177,-1.628333333,1.587131776,-3.662222222,0.2582417582,"1983,1992,1998,2010,2016,2024",Toronto Pearson,South-central,43.68,True,True
toronto,ONI,Strong El Nino,temp_anomaly,degrees C,6,6,1.80793937,1.962058214,1.587131776,-0.07183067453,3.848633306,"1983,1992,1998,2010,2016,2024",Toronto Pearson,South-central,43.68,True,True
toronto,ONI,Strong El Nino,snowfall_total_cm,cm,6,5,48.66,51.1,15.12177238,31.6,70.6,"1983,1992,1998,2010,2016",Toronto Pearson,South-central,43.68,True,True
toronto,ONI,Strong El Nino,snow_days,days,6,5,12.2,12,2.28035085,10,15,"1983,1992,1998,2010,2016",Toronto Pearson,South-central,43.68,True,True
toronto,ONI,Strong El Nino,days_below_m20,days,6,6,0.6666666667,0,1.032795559,0,2,"1983,1992,1998,2010,2016,2024",Toronto Pearson,South-central,43.68,True,True
windsor,ONI,La Nina,mean_temp,degrees C,17,16,-2.383343923,-2.401275946,1.583429907,-4.518681319,0.532967033,"1984,1985,1989,1996,1999,2000,2001,2006,2008,2009,2011,2012,2021,2022,2023,2025",Windsor,Southwest,42.28,True,True
windsor,ONI,La Nina,temp_anomaly,degrees C,17,16,-0.1751110556,-0.1930430791,1.583429907,-2.310448452,2.7411999,"1984,1985,1989,1996,1999,2000,2001,2006,2008,2009,2011,2012,2021,2022,2023,2025",Windsor,Southwest,42.28,True,True
windsor,ONI,La Nina,snowfall_total_cm,cm,17,12,109.6583333,106.5,35.09256483,63.8,178,"1984,1985,1989,1996,1999,2000,2001,2006,2008,2009,2011,2012",Windsor,Southwest,42.28,True,True
windsor,ONI,La Nina,snow_days,days,17,12,21.83333333,20.5,4.108380201,16,28,"1984,1985,1989,1996,1999,2000,2001,2006,2008,2009,2011,2012",Windsor,Southwest,42.28,True,True
windsor,ONI,La Nina,days_below_m20,days,17,15,1.133333333,0,2.099886618,0,8,"1984,1985,1989,1996,1999,2000,2001,2006,2008,2009,2011,2012,2021,2022,2025",Windsor,Southwest,42.28,True,True
windsor,ONI,Neutral,mean_temp,degrees C,13,11,-3.173322006,-2.753333333,2.20623627,-5.895555556,0.9811111111,"1982,1986,1990,1991,1994,1997,2002,2004,2013,2014,2026",Windsor,Southwest,42.28,True,True
windsor,ONI,Neutral,temp_anomaly,degrees C,13,11,-0.9650891391,-0.5451004662,2.20623627,-3.687322688,3.189343978,"1982,1986,1990,1991,1994,1997,2002,2004,2013,2014,2026",Windsor,Southwest,42.28,True,True
windsor,ONI,Neutral,snowfall_total_cm,cm,13,9,113.9444444,114.6,43.37637926,71.7,205.8,"1982,1986,1990,1991,1997,2002,2004,2013,2014",Windsor,Southwest,42.28,True,True
windsor,ONI,Neutral,snow_days,days,13,9,22.88888889,20,6.603870919,16,36,"1982,1986,1990,1991,1997,2002,2004,2013,2014",Windsor,Southwest,42.28,True,True
windsor,ONI,Neutral,days_below_m20,days,13,10,2.2,1,2.780887149,0,8,"1982,1986,1990,1991,1997,2002,2004,2013,2014,2026",Windsor,Southwest,42.28,True,True
windsor,ONI,El Nino,mean_temp,degrees C,15,12,-1.738786121,-1.771111111,1.432073306,-4.508888889,0.7677777778,"1983,1987,1988,1992,1995,1998,2003,2005,2007,2010,2019,2020",Windsor,Southwest,42.28,True,True
windsor,ONI,El Nino,temp_anomaly,degrees C,15,12,0.4694467458,0.437121756,1.432073306,-2.300656022,2.976010645,"1983,1987,1988,1992,1995,1998,2003,2005,2007,2010,2019,2020",Windsor,Southwest,42.28,True,True
windsor,ONI,El Nino,snowfall_total_cm,cm,15,10,87,82.9,40.0779241,17.4,157.2,"1983,1987,1988,1992,1995,1998,2003,2005,2007,2010",Windsor,Southwest,42.28,True,True
windsor,ONI,El Nino,snow_days,days,15,10,16.6,16,6.552353267,5,25,"1983,1987,1988,1992,1995,1998,2003,2005,2007,2010",Windsor,Southwest,42.28,True,True
windsor,ONI,El Nino,days_below_m20,days,15,12,0.3333333333,0,1.154700538,0,4,"1983,1987,1988,1992,1995,1998,2003,2005,2007,2010,2019,2020",Windsor,Southwest,42.28,True,True
windsor,ONI,Strong El Nino,mean_temp,degrees C,6,4,-0.7882478632,-0.6603846154,1.4871887,-2.6,0.7677777778,"1983,1992,1998,2010",Windsor,Southwest,42.28,True,True
windsor,ONI,Strong El Nino,temp_anomaly,degrees C,6,4,1.419985004,1.547848252,1.4871887,-0.3917671329,2.976010645,"1983,1992,1998,2010",Windsor,Southwest,42.28,True,True
windsor,ONI,Strong El Nino,snowfall_total_cm,cm,6,4,65.55,66.05,41.63688269,17.4,112.7,"1983,1992,1998,2010",Windsor,Southwest,42.28,True,True
windsor,ONI,Strong El Nino,snow_days,days,6,4,14.25,13.5,8.995369179,5,25,"1983,1992,1998,2010",Windsor,Southwest,42.28,True,True
windsor,ONI,Strong El Nino,days_below_m20,days,6,4,0,0,0,0,0,"1983,1992,1998,2010",Windsor,Southwest,42.28,True,True
london,RONI,La Nina,mean_temp,degrees C,20,20,-4.088822447,-4.086379731,1.655466622,-6.334444444,-1.189010989,"1984,1985,1989,1996,1999,2000,2001,2006,2008,2009,2011,2012,2013,2017,2018,2021,2022,2023,2025,2026",London,Southwest,43.03,False,False
london,RONI,La Nina,temp_anomaly,degrees C,20,20,-0.009443539929,-0.007000824093,1.655466622,-2.255065537,2.890367918,"1984,1985,1989,1996,1999,2000,2001,2006,2008,2009,2011,2012,2013,2017,2018,2021,2022,2023,2025,2026",London,Southwest,43.03,False,False
london,RONI,La Nina,snowfall_total_cm,cm,20,7,145.1285714,125.7,49.15433905,90.5,215,"1984,1985,1989,1996,1999,2000,2001",London,Southwest,43.03,False,False
london,RONI,La Nina,snow_days,days,20,7,31.85714286,31,6.256425269,24,41,"1984,1985,1989,1996,1999,2000,2001",London,Southwest,43.03,False,False
london,RONI,La Nina,days_below_m20,days,20,18,4.111111111,3,3.462214335,0,12,"1984,1985,1989,1996,1999,2000,2001,2006,2008,2009,2011,2012,2013,2018,2021,2022,2025,2026",London,Southwest,43.03,False,False
london,RONI,Neutral,mean_temp,degrees C,9,9,-4.964639454,-5.030769231,2.496268026,-8.082222222,-0.91,"1982,1986,1990,1994,1997,2002,2004,2014,2020",London,Southwest,43.03,False,False
london,RONI,Neutral,temp_anomaly,degrees C,9,9,-0.8852605468,-0.9513903235,2.496268026,-4.002843315,3.169378907,"1982,1986,1990,1994,1997,2002,2004,2014,2020",London,Southwest,43.03,False,False
london,RONI,Neutral,snowfall_total_cm,cm,9,5,154.38,160.4,37.00772892,106.4,191.3,"1982,1986,1990,1997,2002",London,Southwest,43.03,False,False
london,RONI,Neutral,snow_days,days,9,5,35,36,5.522680509,27,42,"1982,1986,1990,1997,2002",London,Southwest,43.03,False,False
london,RONI,Neutral,days_below_m20,days,9,8,5.375,2.5,6.186101934,0,17,"1982,1986,1990,1997,2002,2004,2014,2020",London,Southwest,43.03,False,False
london,RONI,El Nino,mean_temp,degrees C,16,15,-3.571218559,-3.77032967,1.941616584,-7.412222222,-0.1912087912,"1983,1987,1988,1991,1992,1995,1998,2003,2005,2007,2010,2015,2016,2019,2024",London,Southwest,43.03,False,False
london,RONI,El Nino,temp_anomaly,degrees C,16,15,0.5081603481,0.309049237,1.941616584,-3.332843315,3.888170116,"1983,1987,1988,1991,1992,1995,1998,2003,2005,2007,2010,2015,2016,2019,2024",London,Southwest,43.03,False,False
london,RONI,El Nino,snowfall_total_cm,cm,16,8,128.975,122.05,54.28587688,58.6,229.7,"1983,1987,1988,1991,1992,1995,1998,2003",London,Southwest,43.03,False,False
london,RONI,El Nino,snow_days,days,16,8,28.25,27.5,10.22252415,17,48,"1983,1987,1988,1991,1992,1995,1998,2003",London,Southwest,43.03,False,False
london,RONI,El Nino,days_below_m20,days,16,15,3.6,2,4.939635614,0,17,"1983,1987,1988,1991,1992,1995,1998,2003,2005,2007,2010,2015,2016,2019,2024",London,Southwest,43.03,False,False
london,RONI,Strong El Nino,mean_temp,degrees C,5,5,-2.386959707,-1.541111111,1.397887566,-4.05,-1.275555556,"1983,1987,1992,1998,2016",London,Southwest,43.03,False,False
london,RONI,Strong El Nino,temp_anomaly,degrees C,5,5,1.6924192,2.538267796,1.397887566,0.02937890729,2.803823352,"1983,1987,1992,1998,2016",London,Southwest,43.03,False,False
london,RONI,Strong El Nino,snowfall_total_cm,cm,5,4,102.2,94.2,47.92994888,58.6,161.8,"1983,1987,1992,1998",London,Southwest,43.03,False,False
london,RONI,Strong El Nino,snow_days,days,5,4,23.25,23,5.560275773,17,30,"1983,1987,1992,1998",London,Southwest,43.03,False,False
london,RONI,Strong El Nino,days_below_m20,days,5,5,1.6,2,1.673320053,0,4,"1983,1987,1992,1998,2016",London,Southwest,43.03,False,False
ottawa,RONI,La Nina,mean_temp,degrees C,20,20,-7.877517004,-8.175555556,1.453028224,-10.06923077,-5.459550562,"1984,1985,1989,1996,1999,2000,2001,2006,2008,2009,2011,2012,2013,2017,2018,2021,2022,2023,2025,2026",Ottawa,East,45.32,True,True
ottawa,RONI,La Nina,temp_anomaly,degrees C,20,20,-0.05426416507,-0.3523027171,1.453028224,-2.245977931,2.363702277,"1984,1985,1989,1996,1999,2000,2001,2006,2008,2009,2011,2012,2013,2017,2018,2021,2022,2023,2025,2026",Ottawa,East,45.32,True,True
ottawa,RONI,La Nina,snowfall_total_cm,cm,20,18,178.3222222,174.15,40.92700181,127.7,268.7,"1984,1985,1989,1996,1999,2000,2001,2006,2008,2009,2011,2017,2018,2021,2022,2023,2025,2026",Ottawa,East,45.32,True,True
ottawa,RONI,La Nina,snow_days,days,20,18,32,32,4.850712501,23,42,"1984,1985,1989,1996,1999,2000,2001,2006,2008,2009,2011,2017,2018,2021,2022,2023,2025,2026",Ottawa,East,45.32,True,True
ottawa,RONI,La Nina,days_below_m20,days,20,15,13.86666667,13,5.792441709,5,23,"1984,1985,1989,1996,1999,2000,2001,2006,2008,2009,2011,2012,2017,2018,2025",Ottawa,East,45.32,True,True
ottawa,RONI,Neutral,mean_temp,degrees C,9,8,-8.344685592,-9.470555556,2.269087443,-10.55222222,-4.004444444,"1982,1986,1990,1997,2002,2004,2014,2020",Ottawa,East,45.32,True,True
ottawa,RONI,Neutral,temp_anomaly,degrees C,9,8,-0.5214327538,-1.647302717,2.269087443,-2.728969384,3.818808394,"1982,1986,1990,1997,2002,2004,2014,2020",Ottawa,East,45.32,True,True
ottawa,RONI,Neutral,snowfall_total_cm,cm,9,7,145.9142857,134.7,30.60013227,113.8,197.4,"1982,1986,1990,1997,2002,2004,2020",Ottawa,East,45.32,True,True
ottawa,RONI,Neutral,snow_days,days,9,7,29.14285714,28,6.175990377,21,40,"1982,1986,1990,1997,2002,2004,2020",Ottawa,East,45.32,True,True
ottawa,RONI,Neutral,days_below_m20,days,9,8,16.875,19,8.131727984,1,27,"1982,1986,1990,1997,2002,2004,2014,2020",Ottawa,East,45.32,True,True
ottawa,RONI,El Nino,mean_temp,degrees C,16,15,-7.595903948,-7.415384615,1.997227786,-11.13777778,-4.065934066,"1983,1987,1988,1991,1992,1995,1998,2003,2005,2007,2010,2015,2016,2019,2024",Ottawa,East,45.32,True,True
ottawa,RONI,El Nino,temp_anomaly,degrees C,16,15,0.2273488905,0.407868223,1.997227786,-3.314524939,3.757318772,"1983,1987,1988,1991,1992,1995,1998,2003,2005,2007,2010,2015,2016,2019,2024",Ottawa,East,45.32,True,True
ottawa,RONI,El Nino,snowfall_total_cm,cm,16,15,135.7,130.2,33.90044247,85.2,197.6,"1983,1987,1988,1991,1992,1995,1998,2003,2005,2007,2010,2015,2016,2019,2024",Ottawa,East,45.32,True,True
ottawa,RONI,El Nino,snow_days,days,16,15,27,28,4.566962104,19,35,"1983,1987,1988,1991,1992,1995,1998,2003,2005,2007,2010,2015,2016,2019,2024",Ottawa,East,45.32,True,True
ottawa,RONI,El Nino,days_below_m20,days,16,15,14.46666667,14,8.634372065,0,36,"1983,1987,1988,1991,1992,1995,1998,2003,2005,2007,2010,2015,2016,2019,2024",Ottawa,East,45.32,True,True
ottawa,RONI,Strong El Nino,mean_temp,degrees C,5,5,-6.938114774,-6.262222222,1.85570788,-9.68021978,-4.868131868,"1983,1987,1992,1998,2016",Ottawa,East,45.32,True,True
ottawa,RONI,Strong El Nino,temp_anomaly,degrees C,5,5,0.8851380643,1.561030616,1.85570788,-1.856966942,2.95512097,"1983,1987,1992,1998,2016",Ottawa,East,45.32,True,True
ottawa,RONI,Strong El Nino,snowfall_total_cm,cm,5,5,135.22,122.2,41.7021822,85.2,191.8,"1983,1987,1992,1998,2016",Ottawa,East,45.32,True,True
ottawa,RONI,Strong El Nino,snow_days,days,5,5,25,24,4.472135955,20,31,"1983,1987,1992,1998,2016",Ottawa,East,45.32,True,True
ottawa,RONI,Strong El Nino,days_below_m20,days,5,5,12,14,5.522680509,5,19,"1983,1987,1992,1998,2016",Ottawa,East,45.32,True,True
sudbury,RONI,La Nina,mean_temp,degrees C,20,17,-10.70202646,-11.37111111,1.697222966,-13.10769231,-7.654945055,"1984,1985,1989,1996,1999,2000,2001,2006,2008,2009,2011,2012,2013,2017,2018,2022,2026",Sudbury,Northeast,46.63,False,True
sudbury,RONI,La Nina,temp_anomaly,degrees C,20,17,-0.1642262236,-0.8333108738,1.697222966,-2.56989207,2.882855182,"1984,1985,1989,1996,1999,2000,2001,2006,2008,2009,2011,2012,2013,2017,2018,2022,2026",Sudbury,Northeast,46.63,False,True
sudbury,RONI,La Nina,snowfall_total_cm,cm,20,15,197.7533333,196,34.68955929,158,277.8,"1984,1989,1996,1999,2000,2001,2006,2008,2009,2011,2012,2013,2017,2018,2022",Sudbury,Northeast,46.63,False,True
sudbury,RONI,La Nina,snow_days,days,20,15,36.66666667,37,5.652643714,27,49,"1984,1989,1996,1999,2000,2001,2006,2008,2009,2011,2012,2013,2017,2018,2022",Sudbury,Northeast,46.63,False,True
sudbury,RONI,La Nina,days_below_m20,days,20,13,24.92307692,22,10.11155724,11,43,"1984,1989,1996,1999,2000,2001,2006,2008,2009,2011,2012,2013,2017",Sudbury,Northeast,46.63,False,True
sudbury,RONI,Neutral,mean_temp,degrees C,9,9,-11.8935617,-12.36111111,2.59972303,-15.45813953,-7.002222222,"1982,1986,1990,1994,1997,2002,2004,2014,2020",Sudbury,Northeast,46.63,False,True
sudbury,RONI,Neutral,temp_anomaly,degrees C,9,9,-1.355761459,-1.823310874,2.59972303,-4.920339298,3.535578015,"1982,1986,1990,1994,1997,2002,2004,2014,2020",Sudbury,Northeast,46.63,False,True
sudbury,RONI,Neutral,snowfall_total_cm,cm,9,7,194.0428571,181.3,38.35891279,163.1,273.9,"1982,1986,1990,1997,2002,2004,2014",Sudbury,Northeast,46.63,False,True
sudbury,RONI,Neutral,snow_days,days,9,7,35.42857143,34,5.682051943,29,45,"1982,1986,1990,1997,2002,2004,2014",Sudbury,Northeast,46.63,False,True
sudbury,RONI,Neutral,days_below_m20,days,9,7,31.28571429,37,12.57927244,5,40,"1982,1986,1990,1997,2002,2004,2014",Sudbury,Northeast,46.63,False,True
sudbury,RONI,El Nino,mean_temp,degrees C,16,14,-10.1459802,-9.731666667,1.806097098,-13.79111111,-7.720879121,"1983,1987,1988,1991,1992,1995,1998,2003,2005,2007,2010,2015,2016,2019",Sudbury,Northeast,46.63,False,True
sudbury,RONI,El Nino,temp_anomaly,degrees C,16,14,0.3918200407,0.8061335707,1.806097098,-3.253310874,2.816921116,"1983,1987,1988,1991,1992,1995,1998,2003,2005,2007,2010,2015,2016,2019",Sudbury,Northeast,46.63,False,True
sudbury,RONI,El Nino,snowfall_total_cm,cm,16,14,160.8071429,155.85,56.14088685,95,267.7,"1983,1987,1988,1991,1992,1995,1998,2003,2005,2007,2010,2015,2016,2019",Sudbury,Northeast,46.63,False,True
sudbury,RONI,El Nino,snow_days,days,16,14,33.57142857,33.5,6.18576885,23,47,"1983,1987,1988,1991,1992,1995,1998,2003,2005,2007,2010,2015,2016,2019",Sudbury,Northeast,46.63,False,True
sudbury,RONI,El Nino,days_below_m20,days,16,12,27.16666667,25.5,8.788766935,15,46,"1983,1987,1988,1991,1992,1995,2003,2005,2007,2010,2015,2016",Sudbury,Northeast,46.63,False,True
sudbury,RONI,Strong El Nino,mean_temp,degrees C,5,5,-8.824908754,-8.616666667,1.442746117,-11.27692308,-7.720879121,"1983,1987,1992,1998,2016",Sudbury,Northeast,46.63,False,True
sudbury,RONI,Strong El Nino,temp_anomaly,degrees C,5,5,1.712891483,1.921133571,1.442746117,-0.7391228396,2.816921116,"1983,1987,1992,1998,2016",Sudbury,Northeast,46.63,False,True
sudbury,RONI,Strong El Nino,snowfall_total_cm,cm,5,5,166.28,164.5,59.95237276,116.5,263.4,"1983,1987,1992,1998,2016",Sudbury,Northeast,46.63,False,True
sudbury,RONI,Strong El Nino,snow_days,days,5,5,33.2,34,4.324349662,28,39,"1983,1987,1992,1998,2016",Sudbury,Northeast,46.63,False,True
sudbury,RONI,Strong El Nino,days_below_m20,days,5,4,23,21.5,5.944184833,18,31,"1983,1987,1992,2016",Sudbury,Northeast,46.63,False,True
thunderbay,RONI,La Nina,mean_temp,degrees C,20,20,-11.94521417,-12.1452442,2.072824732,-15.23186813,-7.771428571,"1984,1985,1989,1996,1999,2000,2001,2006,2008,2009,2011,2012,2013,2017,2018,2021,2022,2023,2025,2026",Thunder Bay,Northwest,48.37,True,True
thunderbay,RONI,La Nina,temp_anomaly,degrees C,20,20,-0.4118438223,-0.6118738552,2.072824732,-3.698497787,3.761941774,"1984,1985,1989,1996,1999,2000,2001,2006,2008,2009,2011,2012,2013,2017,2018,2021,2022,2023,2025,2026",Thunder Bay,Northwest,48.37,True,True
thunderbay,RONI,La Nina,snowfall_total_cm,cm,20,3,110.9333333,101.2,30.20022075,86.8,144.8,"1984,1985,1989",Thunder Bay,Northwest,48.37,True,True
thunderbay,RONI,La Nina,snow_days,days,20,3,21.33333333,20,5.131601439,17,27,"1984,1985,1989",Thunder Bay,Northwest,48.37,True,True
thunderbay,RONI,La Nina,days_below_m20,days,20,19,37.84210526,39,12.36600698,20,57,"1984,1985,1989,1996,1999,2001,2006,2008,2009,2011,2012,2013,2017,2018,2021,2022,2023,2025,2026",Thunder Bay,Northwest,48.37,True,True
thunderbay,RONI,Neutral,mean_temp,degrees C,9,8,-12.69085149,-12.99095785,3.021951752,-17.67666667,-7.814444444,"1982,1986,1990,1997,2002,2004,2014,2020",Thunder Bay,Northwest,48.37,True,True
thunderbay,RONI,Neutral,temp_anomaly,degrees C,9,8,-1.157481145,-1.457587509,3.021951752,-6.143296322,3.718925901,"1982,1986,1990,1997,2002,2004,2014,2020",Thunder Bay,Northwest,48.37,True,True
thunderbay,RONI,Neutral,snowfall_total_cm,cm,9,3,112.8,115.2,13.65906293,98.1,125.1,"1982,1986,1990",Thunder Bay,Northwest,48.37,True,True
thunderbay,RONI,Neutral,snow_days,days,9,3,24,24,7,17,31,"1982,1986,1990",Thunder Bay,Northwest,48.37,True,True
thunderbay,RONI,Neutral,days_below_m20,days,9,8,40.875,40.5,14.11622673,17,64,"1982,1986,1990,1997,2002,2004,2014,2020",Thunder Bay,Northwest,48.37,True,True
thunderbay,RONI,El Nino,mean_temp,degrees C,16,14,-10.39221275,-10.45294261,2.455216735,-13.97045455,-5.771428571,"1983,1987,1988,1991,1992,1995,1998,2003,2007,2010,2015,2016,2019,2024",Thunder Bay,Northwest,48.37,True,True
thunderbay,RONI,El Nino,temp_anomaly,degrees C,16,14,1.141157593,1.080427732,2.455216735,-2.4370842,5.761941774,"1983,1987,1988,1991,1992,1995,1998,2003,2007,2010,2015,2016,2019,2024",Thunder Bay,Northwest,48.37,True,True
thunderbay,RONI,El Nino,snowfall_total_cm,cm,16,6,80.31666667,87.6,33.77978192,26.1,109,"1983,1987,1988,1991,1992,2003",Thunder Bay,Northwest,48.37,True,True
thunderbay,RONI,El Nino,snow_days,days,16,6,18.5,21,6.833739825,6,24,"1983,1987,1988,1991,1992,2003",Thunder Bay,Northwest,48.37,True,True
thunderbay,RONI,El Nino,days_below_m20,days,16,10,32.6,34,11.70185171,14,48,"1983,1987,1988,1991,1992,1995,2003,2007,2010,2024",Thunder Bay,Northwest,48.37,True,True
thunderbay,RONI,Strong El Nino,mean_temp,degrees C,5,5,-8.612013646,-8.615294118,1.223338925,-10.37032967,-7.1,"1983,1987,1992,1998,2016",Thunder Bay,Northwest,48.37,True,True
thunderbay,RONI,Strong El Nino,temp_anomaly,degrees C,5,5,2.921356699,2.918076227,1.223338925,1.163040675,4.433370345,"1983,1987,1992,1998,2016",Thunder Bay,Northwest,48.37,True,True
thunderbay,RONI,Strong El Nino,snowfall_total_cm,cm,5,3,94.6,106.8,22.70770794,68.4,108.6,"1983,1987,1992",Thunder Bay,Northwest,48.37,True,True
thunderbay,RONI,Strong El Nino,snow_days,days,5,3,21,23,4.358898944,16,24,"1983,1987,1992",Thunder Bay,Northwest,48.37,True,True
thunderbay,RONI,Strong El Nino,days_below_m20,days,5,3,24.66666667,24,8.020806277,17,33,"1983,1987,1992",Thunder Bay,Northwest,48.37,True,True
toronto,RONI,La Nina,mean_temp,degrees C,20,20,-3.517894936,-3.595487805,1.665862809,-5.958241758,-0.4263736264,"1984,1985,1989,1996,1999,2000,2001,2006,2008,2009,2011,2012,2013,2017,2018,2021,2022,2023,2025,2026",Toronto Pearson,South-central,43.68,True,True
toronto,RONI,La Nina,temp_anomaly,degrees C,20,20,0.07249661147,-0.005096257186,1.665862809,-2.367850211,3.164017921,"1984,1985,1989,1996,1999,2000,2001,2006,2008,2009,2011,2012,2013,2017,2018,2021,2022,2023,2025,2026",Toronto Pearson,South-central,43.68,True,True
toronto,RONI,La Nina,snowfall_total_cm,cm,20,16,91.1625,90.2,33.44164819,37,160.2,"1984,1989,1996,1999,2000,2001,2006,2008,2009,2011,2012,2013,2017,2018,2023,2026",Toronto Pearson,South-central,43.68,True,True
toronto,RONI,La Nina,snow_days,days,20,16,19,19,3.932768321,12,26,"1984,1989,1996,1999,2000,2001,2006,2008,2009,2011,2012,2013,2017,2018,2023,2026",Toronto Pearson,South-central,43.68,True,True
toronto,RONI,La Nina,days_below_m20,days,20,17,2.529411765,2,2.981560981,0,11,"1984,1989,1996,1999,2000,2001,2006,2008,2009,2011,2012,2013,2017,2018,2023,2025,2026",Toronto Pearson,South-central,43.68,True,True
toronto,RONI,Neutral,mean_temp,degrees C,9,9,-4.590940969,-4.855555556,2.549137729,-7.675294118,0.02888888889,"1982,1986,1990,1994,1997,2002,2004,2014,2020",Toronto Pearson,South-central,43.68,True,True
toronto,RONI,Neutral,temp_anomaly,degrees C,9,9,-1.000549421,-1.265164008,2.549137729,-4.08490257,3.619280437,"1982,1986,1990,1994,1997,2002,2004,2014,2020",Toronto Pearson,South-central,43.68,True,True
toronto,RONI,Neutral,snowfall_total_cm,cm,9,8,84.85,92.7,22.53245279,46.2,113,"1982,1986,1990,1997,2002,2004,2014,2020",Toronto Pearson,South-central,43.68,True,True
toronto,RONI,Neutral,snow_days,days,9,8,20.75,21,4.559135256,12,26,"1982,1986,1990,1997,2002,2004,2014,2020",Toronto Pearson,South-central,43.68,True,True
toronto,RONI,Neutral,days_below_m20,days,9,8,5,4.5,4.276179871,0,13,"1982,1986,1990,1997,2002,2004,2014,2020",Toronto Pearson,South-central,43.68,True,True
toronto,RONI,El Nino,mean_temp,degrees C,16,16,-3.300057574,-3.570671551,1.767829915,-6.516666667,0.2582417582,"1983,1987,1988,1991,1992,1993,1995,1998,2003,2005,2007,2010,2015,2016,2019,2024",Toronto Pearson,South-central,43.68,True,True
toronto,RONI,El Nino,temp_anomaly,degrees C,16,16,0.2903339741,0.01971999702,1.767829915,-2.926275119,3.848633306,"1983,1987,1988,1991,1992,1993,1995,1998,2003,2005,2007,2010,2015,2016,2019,2024",Toronto Pearson,South-central,43.68,True,True
toronto,RONI,El Nino,snowfall_total_cm,cm,16,13,67.87692308,69.4,24.27351622,31.6,111.9,"1983,1987,1988,1991,1992,1995,1998,2003,2005,2007,2010,2016,2019",Toronto Pearson,South-central,43.68,True,True
toronto,RONI,El Nino,snow_days,days,16,13,14.61538462,15,3.753630721,10,22,"1983,1987,1988,1991,1992,1995,1998,2003,2005,2007,2010,2016,2019",Toronto Pearson,South-central,43.68,True,True
toronto,RONI,El Nino,days_below_m20,days,16,15,2.666666667,2,2.968084199,0,10,"1983,1987,1988,1991,1992,1995,1998,2003,2005,2007,2010,2015,2016,2019,2024",Toronto Pearson,South-central,43.68,True,True
toronto,RONI,Strong El Nino,mean_temp,degrees C,5,5,-2.216590965,-2.11,1.413662125,-3.792222222,-0.5549450549,"1983,1987,1992,1998,2016",Toronto Pearson,South-central,43.68,True,True
toronto,RONI,Strong El Nino,temp_anomaly,degrees C,5,5,1.373800583,1.480391548,1.413662125,-0.2018306745,3.035446493,"1983,1987,1992,1998,2016",Toronto Pearson,South-central,43.68,True,True
toronto,RONI,Strong El Nino,snowfall_total_cm,cm,5,5,54.5,51.1,21.302582,31.6,81.6,"1983,1987,1992,1998,2016",Toronto Pearson,South-central,43.68,True,True
toronto,RONI,Strong El Nino,snow_days,days,5,5,11.4,11,1.673320053,10,14,"1983,1987,1992,1998,2016",Toronto Pearson,South-central,43.68,True,True
toronto,RONI,Strong El Nino,days_below_m20,days,5,5,1.6,2,1.673320053,0,4,"1983,1987,1992,1998,2016",Toronto Pearson,South-central,43.68,True,True
windsor,RONI,La Nina,mean_temp,degrees C,20,18,-2.398651388,-2.401275946,1.589470018,-4.518681319,0.532967033,"1984,1985,1989,1996,1999,2000,2001,2006,2008,2009,2011,2012,2013,2021,2022,2023,2025,2026",Windsor,Southwest,42.28,True,True
windsor,RONI,La Nina,temp_anomaly,degrees C,20,18,-0.190418521,-0.1930430791,1.589470018,-2.310448452,2.7411999,"1984,1985,1989,1996,1999,2000,2001,2006,2008,2009,2011,2012,2013,2021,2022,2023,2025,2026",Windsor,Southwest,42.28,True,True
windsor,RONI,La Nina,snowfall_total_cm,cm,20,13,110.4230769,112.2,33.71152508,63.8,178,"1984,1985,1989,1996,1999,2000,2001,2006,2008,2009,2011,2012,2013",Windsor,Southwest,42.28,True,True
windsor,RONI,La Nina,snow_days,days,20,13,21.69230769,20,3.966203377,16,28,"1984,1985,1989,1996,1999,2000,2001,2006,2008,2009,2011,2012,2013",Windsor,Southwest,42.28,True,True
windsor,RONI,La Nina,days_below_m20,days,20,17,1.176470588,0,2.038237416,0,8,"1984,1985,1989,1996,1999,2000,2001,2006,2008,2009,2011,2012,2013,2021,2022,2025,2026",Windsor,Southwest,42.28,True,True
windsor,RONI,Neutral,mean_temp,degrees C,9,9,-3.162919272,-2.753333333,2.470021442,-5.895555556,0.9811111111,"1982,1986,1990,1994,1997,2002,2004,2014,2020",Windsor,Southwest,42.28,True,True
windsor,RONI,Neutral,temp_anomaly,degrees C,9,9,-0.954686405,-0.5451004662,2.470021442,-3.687322688,3.189343978,"1982,1986,1990,1994,1997,2002,2004,2014,2020",Windsor,Southwest,42.28,True,True
windsor,RONI,Neutral,snowfall_total_cm,cm,9,7,117.7857143,114.6,48.05841683,71.7,205.8,"1982,1986,1990,1997,2002,2004,2014",Windsor,Southwest,42.28,True,True
windsor,RONI,Neutral,snow_days,days,9,7,24.14285714,23,7.010196655,16,36,"1982,1986,1990,1997,2002,2004,2014",Windsor,Southwest,42.28,True,True
windsor,RONI,Neutral,days_below_m20,days,9,8,2.375,1,3.020761493,0,8,"1982,1986,1990,1997,2002,2004,2014,2020",Windsor,Southwest,42.28,True,True
windsor,RONI,El Nino,mean_temp,degrees C,16,12,-1.855289988,-1.771111111,1.352299001,-4.508888889,0.7677777778,"1983,1987,1988,1991,1992,1995,1998,2003,2005,2007,2010,2019",Windsor,Southwest,42.28,True,True
windsor,RONI,El Nino,temp_anomaly,degrees C,16,12,0.3529428793,0.437121756,1.352299001,-2.300656022,2.976010645,"1983,1987,1988,1991,1992,1995,1998,2003,2005,2007,2010,2019",Windsor,Southwest,42.28,True,True
windsor,RONI,El Nino,snowfall_total_cm,cm,16,11,86.49090909,81.6,38.05872974,17.4,157.2,"1983,1987,1988,1991,1992,1995,1998,2003,2005,2007,2010",Windsor,Southwest,42.28,True,True
windsor,RONI,El Nino,snow_days,days,16,11,16.63636364,17,6.217277978,5,25,"1983,1987,1988,1991,1992,1995,1998,2003,2005,2007,2010",Windsor,Southwest,42.28,True,True
windsor,RONI,El Nino,days_below_m20,days,16,12,0.3333333333,0,1.154700538,0,4,"1983,1987,1988,1991,1992,1995,1998,2003,2005,2007,2010,2019",Windsor,Southwest,42.28,True,True
windsor,RONI,Strong El Nino,mean_temp,degrees C,5,4,-0.5901923077,-0.6603846154,1.188175368,-1.807777778,0.7677777778,"1983,1987,1992,1998",Windsor,Southwest,42.28,True,True
windsor,RONI,Strong El Nino,temp_anomaly,degrees C,5,4,1.618040559,1.547848252,1.188175368,0.4004550894,2.976010645,"1983,1987,1992,1998",Windsor,Southwest,42.28,True,True
windsor,RONI,Strong El Nino,snowfall_total_cm,cm,5,4,57.15,63.5,30.97918656,17.4,84.2,"1983,1987,1992,1998",Windsor,Southwest,42.28,True,True
windsor,RONI,Strong El Nino,snow_days,days,5,4,11.75,12,5.852349955,5,18,"1983,1987,1992,1998",Windsor,Southwest,42.28,True,True
windsor,RONI,Strong El Nino,days_below_m20,days,5,4,0,0,0,0,0,"1983,1987,1992,1998",Windsor,Southwest,42.28,True,True
