city,enso_index,metric,comparison_group,reference_group,comparison_mean,reference_mean,difference,ci_lower,ci_upper,status,n_comparison,n_reference,comparison_years,reference_years,bootstrap_samples,sample_note,quality_method,city_name,region,latitude_approx,included_in_proposal,included_in_repo_study
london,ONI,mean_temp,El Nino,Neutral,-3.479553114,-4.721167931,1.241614818,-0.3847105747,2.797962429,inconclusive,15,12,"1983,1987,1988,1992,1995,1998,2003,2005,2007,2010,2015,2016,2019,2020,2024","1982,1986,1990,1991,1994,1997,2002,2004,2013,2014,2017,2026",10000,,monthly_3_and_5_temperature_complete_snow_and_tmin,London,Southwest,43.03,False,False
london,ONI,mean_temp,Strong El Nino,Neutral,-2.056741962,-4.721167931,2.664425969,0.927525146,4.323947503,interval_excludes_zero,6,12,"1983,1992,1998,2010,2016,2024","1982,1986,1990,1991,1994,1997,2002,2004,2013,2014,2017,2026",10000,fewer_than_10_winters_in_a_group,monthly_3_and_5_temperature_complete_snow_and_tmin,London,Southwest,43.03,False,False
london,ONI,mean_temp,El Nino,La Nina,-3.479553114,-4.187010032,0.7074569183,-0.5308200095,1.912223149,inconclusive,15,17,"1983,1987,1988,1992,1995,1998,2003,2005,2007,2010,2015,2016,2019,2020,2024","1984,1985,1989,1996,1999,2000,2001,2006,2008,2009,2011,2012,2018,2021,2022,2023,2025",10000,,monthly_3_and_5_temperature_complete_snow_and_tmin,London,Southwest,43.03,False,False
london,ONI,mean_temp,La Nina,Neutral,-4.187010032,-4.721167931,0.5341578992,-0.9164936234,1.976468915,inconclusive,17,12,"1984,1985,1989,1996,1999,2000,2001,2006,2008,2009,2011,2012,2018,2021,2022,2023,2025","1982,1986,1990,1991,1994,1997,2002,2004,2013,2014,2017,2026",10000,,monthly_3_and_5_temperature_complete_snow_and_tmin,London,Southwest,43.03,False,False
london,ONI,temp_anomaly,El Nino,Neutral,0.5998257937,-0.6417890238,1.241614818,-0.3907033165,2.815366081,inconclusive,15,12,"1983,1987,1988,1992,1995,1998,2003,2005,2007,2010,2015,2016,2019,2020,2024","1982,1986,1990,1991,1994,1997,2002,2004,2013,2014,2017,2026",10000,,monthly_3_and_5_temperature_complete_snow_and_tmin,London,Southwest,43.03,False,False
london,ONI,temp_anomaly,Strong El Nino,Neutral,2.022636946,-0.6417890238,2.664425969,0.9140655216,4.359867715,interval_excludes_zero,6,12,"1983,1992,1998,2010,2016,2024","1982,1986,1990,1991,1994,1997,2002,2004,2013,2014,2017,2026",10000,fewer_than_10_winters_in_a_group,monthly_3_and_5_temperature_complete_snow_and_tmin,London,Southwest,43.03,False,False
london,ONI,temp_anomaly,El Nino,La Nina,0.5998257937,-0.1076311246,0.7074569183,-0.5357640463,1.931784678,inconclusive,15,17,"1983,1987,1988,1992,1995,1998,2003,2005,2007,2010,2015,2016,2019,2020,2024","1984,1985,1989,1996,1999,2000,2001,2006,2008,2009,2011,2012,2018,2021,2022,2023,2025",10000,,monthly_3_and_5_temperature_complete_snow_and_tmin,London,Southwest,43.03,False,False
london,ONI,temp_anomaly,La Nina,Neutral,-0.1076311246,-0.6417890238,0.5341578992,-0.9177833857,1.984553431,inconclusive,17,12,"1984,1985,1989,1996,1999,2000,2001,2006,2008,2009,2011,2012,2018,2021,2022,2023,2025","1982,1986,1990,1991,1994,1997,2002,2004,2013,2014,2017,2026",10000,,monthly_3_and_5_temperature_complete_snow_and_tmin,London,Southwest,43.03,False,False
london,ONI,snowfall_total_cm,El Nino,Neutral,125.6285714,154.05,-28.42142857,-72.22857143,20.01910714,inconclusive,7,6,"1983,1987,1988,1992,1995,1998,2003","1982,1986,1990,1991,1997,2002",10000,fewer_than_10_winters_in_a_group,monthly_3_and_5_temperature_complete_snow_and_tmin,London,Southwest,43.03,False,False
london,ONI,snowfall_total_cm,Strong El Nino,Neutral,96.33333333,154.05,-57.71666667,-107.6833333,3.95375,inconclusive,3,6,"1983,1992,1998","1982,1986,1990,1991,1997,2002",10000,fewer_than_10_winters_in_a_group,monthly_3_and_5_temperature_complete_snow_and_tmin,London,Southwest,43.03,False,False
london,ONI,snowfall_total_cm,El Nino,La Nina,125.6285714,145.1285714,-19.5,-69.24357143,32.80142857,inconclusive,7,7,"1983,1987,1988,1992,1995,1998,2003","1984,1985,1989,1996,1999,2000,2001",10000,fewer_than_10_winters_in_a_group,monthly_3_and_5_temperature_complete_snow_and_tmin,London,Southwest,43.03,False,False
london,ONI,snowfall_total_cm,La Nina,Neutral,145.1285714,154.05,-8.921428571,-48.32988095,32.98190476,inconclusive,7,6,"1984,1985,1989,1996,1999,2000,2001","1982,1986,1990,1991,1997,2002",10000,fewer_than_10_winters_in_a_group,monthly_3_and_5_temperature_complete_snow_and_tmin,London,Southwest,43.03,False,False
london,ONI,snow_days,El Nino,Neutral,27.14285714,35.16666667,-8.023809524,-15.28571429,0.4761904762,inconclusive,7,6,"1983,1987,1988,1992,1995,1998,2003","1982,1986,1990,1991,1997,2002",10000,fewer_than_10_winters_in_a_group,monthly_3_and_5_temperature_complete_snow_and_tmin,London,Southwest,43.03,False,False
london,ONI,snow_days,Strong El Nino,Neutral,22.66666667,35.16666667,-12.5,-19.16666667,-5,interval_excludes_zero,3,6,"1983,1992,1998","1982,1986,1990,1991,1997,2002",10000,fewer_than_10_winters_in_a_group,monthly_3_and_5_temperature_complete_snow_and_tmin,London,Southwest,43.03,False,False
london,ONI,snow_days,El Nino,La Nina,27.14285714,31.85714286,-4.714285714,-12.71428571,4.285714286,inconclusive,7,7,"1983,1987,1988,1992,1995,1998,2003","1984,1985,1989,1996,1999,2000,2001",10000,fewer_than_10_winters_in_a_group,monthly_3_and_5_temperature_complete_snow_and_tmin,London,Southwest,43.03,False,False
london,ONI,snow_days,La Nina,Neutral,31.85714286,35.16666667,-3.30952381,-8.881547619,2.357142857,inconclusive,7,6,"1984,1985,1989,1996,1999,2000,2001","1982,1986,1990,1991,1997,2002",10000,fewer_than_10_winters_in_a_group,monthly_3_and_5_temperature_complete_snow_and_tmin,London,Southwest,43.03,False,False
london,ONI,days_below_m20,El Nino,Neutral,3.6,5,-1.4,-5.666666667,2.7,inconclusive,15,10,"1983,1987,1988,1992,1995,1998,2003,2005,2007,2010,2015,2016,2019,2020,2024","1982,1986,1990,1991,1997,2002,2004,2013,2014,2026",10000,,monthly_3_and_5_temperature_complete_snow_and_tmin,London,Southwest,43.03,False,False
london,ONI,days_below_m20,Strong El Nino,Neutral,1.333333333,5,-3.666666667,-7.466666667,-0.3333333333,interval_excludes_zero,6,10,"1983,1992,1998,2010,2016,2024","1982,1986,1990,1991,1997,2002,2004,2013,2014,2026",10000,fewer_than_10_winters_in_a_group,monthly_3_and_5_temperature_complete_snow_and_tmin,London,Southwest,43.03,False,False
london,ONI,days_below_m20,El Nino,La Nina,3.6,4.1875,-0.5875,-3.3584375,2.4084375,inconclusive,15,16,"1983,1987,1988,1992,1995,1998,2003,2005,2007,2010,2015,2016,2019,2020,2024","1984,1985,1989,1996,1999,2000,2001,2006,2008,2009,2011,2012,2018,2021,2022,2025",10000,,monthly_3_and_5_temperature_complete_snow_and_tmin,London,Southwest,43.03,False,False
london,ONI,days_below_m20,La Nina,Neutral,4.1875,5,-0.8125,-4.7875,2.75,inconclusive,16,10,"1984,1985,1989,1996,1999,2000,2001,2006,2008,2009,2011,2012,2018,2021,2022,2025","1982,1986,1990,1991,1997,2002,2004,2013,2014,2026",10000,,monthly_3_and_5_temperature_complete_snow_and_tmin,London,Southwest,43.03,False,False
ottawa,ONI,mean_temp,El Nino,Neutral,-7.511043549,-8.259465932,0.7484223834,-0.8450004894,2.209115706,inconclusive,15,11,"1983,1987,1988,1992,1995,1998,2003,2005,2007,2010,2015,2016,2019,2020,2024","1982,1986,1990,1991,1997,2002,2004,2013,2014,2017,2026",10000,,monthly_3_and_5_temperature_complete_snow_and_tmin,Ottawa,East,45.32,True,True
ottawa,ONI,mean_temp,Strong El Nino,Neutral,-6.239973545,-8.259465932,2.019492387,0.05434943796,3.729398735,interval_excludes_zero,6,11,"1983,1992,1998,2010,2016,2024","1982,1986,1990,1991,1997,2002,2004,2013,2014,2017,2026",10000,fewer_than_10_winters_in_a_group,monthly_3_and_5_temperature_complete_snow_and_tmin,Ottawa,East,45.32,True,True
ottawa,ONI,mean_temp,El Nino,La Nina,-7.511043549,-7.925094443,0.4140508941,-0.7902605436,1.567860716,inconclusive,15,17,"1983,1987,1988,1992,1995,1998,2003,2005,2007,2010,2015,2016,2019,2020,2024","1984,1985,1989,1996,1999,2000,2001,2006,2008,2009,2011,2012,2018,2021,2022,2023,2025",10000,,monthly_3_and_5_temperature_complete_snow_and_tmin,Ottawa,East,45.32,True,True
ottawa,ONI,mean_temp,La Nina,Neutral,-7.925094443,-8.259465932,0.3343714893,-1.045491519,1.606937808,inconclusive,17,11,"1984,1985,1989,1996,1999,2000,2001,2006,2008,2009,2011,2012,2018,2021,2022,2023,2025","1982,1986,1990,1991,1997,2002,2004,2013,2014,2017,2026",10000,,monthly_3_and_5_temperature_complete_snow_and_tmin,Ottawa,East,45.32,True,True
ottawa,ONI,temp_anomaly,El Nino,Neutral,0.3122092894,-0.436213094,0.7484223834,-0.7897648355,2.235108442,inconclusive,15,11,"1983,1987,1988,1992,1995,1998,2003,2005,2007,2010,2015,2016,2019,2020,2024","1982,1986,1990,1991,1997,2002,2004,2013,2014,2017,2026",10000,,monthly_3_and_5_temperature_complete_snow_and_tmin,Ottawa,East,45.32,True,True
ottawa,ONI,temp_anomaly,Strong El Nino,Neutral,1.583279293,-0.436213094,2.019492387,0.130222284,3.722092973,interval_excludes_zero,6,11,"1983,1992,1998,2010,2016,2024","1982,1986,1990,1991,1997,2002,2004,2013,2014,2017,2026",10000,fewer_than_10_winters_in_a_group,monthly_3_and_5_temperature_complete_snow_and_tmin,Ottawa,East,45.32,True,True
ottawa,ONI,temp_anomaly,El Nino,La Nina,0.3122092894,-0.1018416047,0.4140508941,-0.8206218387,1.572480415,inconclusive,15,17,"1983,1987,1988,1992,1995,1998,2003,2005,2007,2010,2015,2016,2019,2020,2024","1984,1985,1989,1996,1999,2000,2001,2006,2008,2009,2011,2012,2018,2021,2022,2023,2025",10000,,monthly_3_and_5_temperature_complete_snow_and_tmin,Ottawa,East,45.32,True,True
ottawa,ONI,temp_anomaly,La Nina,Neutral,-0.1018416047,-0.436213094,0.3343714893,-1.027250853,1.589483165,inconclusive,17,11,"1984,1985,1989,1996,1999,2000,2001,2006,2008,2009,2011,2012,2018,2021,2022,2023,2025","1982,1986,1990,1991,1997,2002,2004,2013,2014,2017,2026",10000,,monthly_3_and_5_temperature_complete_snow_and_tmin,Ottawa,East,45.32,True,True
ottawa,ONI,snowfall_total_cm,El Nino,Neutral,136.2133333,157.1111111,-20.89777778,-49.12744444,7.101333333,inconclusive,15,9,"1983,1987,1988,1992,1995,1998,2003,2005,2007,2010,2015,2016,2019,2020,2024","1982,1986,1990,1991,1997,2002,2004,2017,2026",10000,fewer_than_10_winters_in_a_group,monthly_3_and_5_temperature_complete_snow_and_tmin,Ottawa,East,45.32,True,True
ottawa,ONI,snowfall_total_cm,Strong El Nino,Neutral,131.3666667,157.1111111,-25.74444444,-62.02944444,10.41722222,inconclusive,6,9,"1983,1992,1998,2010,2016,2024","1982,1986,1990,1991,1997,2002,2004,2017,2026",10000,fewer_than_10_winters_in_a_group,monthly_3_and_5_temperature_complete_snow_and_tmin,Ottawa,East,45.32,True,True
ottawa,ONI,snowfall_total_cm,El Nino,La Nina,136.2133333,175.59375,-39.38041667,-65.78917708,-13.82496875,interval_excludes_zero,15,16,"1983,1987,1988,1992,1995,1998,2003,2005,2007,2010,2015,2016,2019,2020,2024","1984,1985,1989,1996,1999,2000,2001,2006,2008,2009,2011,2018,2021,2022,2023,2025",10000,,monthly_3_and_5_temperature_complete_snow_and_tmin,Ottawa,East,45.32,True,True
ottawa,ONI,snowfall_total_cm,La Nina,Neutral,175.59375,157.1111111,18.48263889,-11.23555556,49.39515625,inconclusive,16,9,"1984,1985,1989,1996,1999,2000,2001,2006,2008,2009,2011,2018,2021,2022,2023,2025","1982,1986,1990,1991,1997,2002,2004,2017,2026",10000,fewer_than_10_winters_in_a_group,monthly_3_and_5_temperature_complete_snow_and_tmin,Ottawa,East,45.32,True,True
ottawa,ONI,snow_days,El Nino,Neutral,26.8,31.11111111,-4.311111111,-8.666666667,0.04444444444,inconclusive,15,9,"1983,1987,1988,1992,1995,1998,2003,2005,2007,2010,2015,2016,2019,2020,2024","1982,1986,1990,1991,1997,2002,2004,2017,2026",10000,fewer_than_10_winters_in_a_group,monthly_3_and_5_temperature_complete_snow_and_tmin,Ottawa,East,45.32,True,True
ottawa,ONI,snow_days,Strong El Nino,Neutral,24.66666667,31.11111111,-6.444444444,-11.44444444,-1.388888889,interval_excludes_zero,6,9,"1983,1992,1998,2010,2016,2024","1982,1986,1990,1991,1997,2002,2004,2017,2026",10000,fewer_than_10_winters_in_a_group,monthly_3_and_5_temperature_complete_snow_and_tmin,Ottawa,East,45.32,True,True
ottawa,ONI,snow_days,El Nino,La Nina,26.8,31.4375,-4.6375,-7.837604167,-1.4790625,interval_excludes_zero,15,16,"1983,1987,1988,1992,1995,1998,2003,2005,2007,2010,2015,2016,2019,2020,2024","1984,1985,1989,1996,1999,2000,2001,2006,2008,2009,2011,2018,2021,2022,2023,2025",10000,,monthly_3_and_5_temperature_complete_snow_and_tmin,Ottawa,East,45.32,True,True
ottawa,ONI,snow_days,La Nina,Neutral,31.4375,31.11111111,0.3263888889,-4,4.722395833,inconclusive,16,9,"1984,1985,1989,1996,1999,2000,2001,2006,2008,2009,2011,2018,2021,2022,2023,2025","1982,1986,1990,1991,1997,2002,2004,2017,2026",10000,fewer_than_10_winters_in_a_group,monthly_3_and_5_temperature_complete_snow_and_tmin,Ottawa,East,45.32,True,True
ottawa,ONI,days_below_m20,El Nino,Neutral,14.2,16.55555556,-2.355555556,-8.4,4.155555556,inconclusive,15,9,"1983,1987,1988,1992,1995,1998,2003,2005,2007,2010,2015,2016,2019,2020,2024","1982,1986,1990,1991,1997,2002,2004,2014,2017",10000,fewer_than_10_winters_in_a_group,monthly_3_and_5_temperature_complete_snow_and_tmin,Ottawa,East,45.32,True,True
ottawa,ONI,days_below_m20,Strong El Nino,Neutral,8.666666667,16.55555556,-7.888888889,-14.44444444,-0.6666666667,interval_excludes_zero,6,9,"1983,1992,1998,2010,2016,2024","1982,1986,1990,1991,1997,2002,2004,2014,2017",10000,fewer_than_10_winters_in_a_group,monthly_3_and_5_temperature_complete_snow_and_tmin,Ottawa,East,45.32,True,True
ottawa,ONI,days_below_m20,El Nino,La Nina,14.2,14.14285714,0.05714285714,-5.019047619,5.443214286,inconclusive,15,14,"1983,1987,1988,1992,1995,1998,2003,2005,2007,2010,2015,2016,2019,2020,2024","1984,1985,1989,1996,1999,2000,2001,2006,2008,2009,2011,2012,2018,2025",10000,,monthly_3_and_5_temperature_complete_snow_and_tmin,Ottawa,East,45.32,True,True
ottawa,ONI,days_below_m20,La Nina,Neutral,14.14285714,16.55555556,-2.412698413,-7.706547619,3.404761905,inconclusive,14,9,"1984,1985,1989,1996,1999,2000,2001,2006,2008,2009,2011,2012,2018,2025","1982,1986,1990,1991,1997,2002,2004,2014,2017",10000,fewer_than_10_winters_in_a_group,monthly_3_and_5_temperature_complete_snow_and_tmin,Ottawa,East,45.32,True,True
sudbury,ONI,mean_temp,El Nino,Neutral,-10.06878475,-11.45201755,1.383232798,-0.2703090274,2.985684761,inconclusive,14,12,"1983,1987,1988,1992,1995,1998,2003,2005,2007,2010,2015,2016,2019,2020","1982,1986,1990,1991,1994,1997,2002,2004,2013,2014,2017,2026",10000,,monthly_3_and_5_temperature_complete_snow_and_tmin,Sudbury,Northeast,46.63,False,True
sudbury,ONI,mean_temp,Strong El Nino,Neutral,-8.959353199,-11.45201755,2.492664348,0.6462469912,4.177726301,interval_excludes_zero,5,12,"1983,1992,1998,2010,2016","1982,1986,1990,1991,1994,1997,2002,2004,2013,2014,2017,2026",10000,fewer_than_10_winters_in_a_group,monthly_3_and_5_temperature_complete_snow_and_tmin,Sudbury,Northeast,46.63,False,True
sudbury,ONI,mean_temp,El Nino,La Nina,-10.06878475,-10.90235934,0.8335745966,-0.4069229495,2.039815069,inconclusive,14,14,"1983,1987,1988,1992,1995,1998,2003,2005,2007,2010,2015,2016,2019,2020","1984,1985,1989,1996,1999,2000,2001,2006,2008,2009,2011,2012,2018,2022",10000,,monthly_3_and_5_temperature_complete_snow_and_tmin,Sudbury,Northeast,46.63,False,True
sudbury,ONI,mean_temp,La Nina,Neutral,-10.90235934,-11.45201755,0.5496582018,-1.060825948,2.121614181,inconclusive,14,12,"1984,1985,1989,1996,1999,2000,2001,2006,2008,2009,2011,2012,2018,2022","1982,1986,1990,1991,1994,1997,2002,2004,2013,2014,2017,2026",10000,,monthly_3_and_5_temperature_complete_snow_and_tmin,Sudbury,Northeast,46.63,False,True
sudbury,ONI,temp_anomaly,El Nino,Neutral,0.4690154892,-0.9142173092,1.383232798,-0.3033591595,3.001323992,inconclusive,14,12,"1983,1987,1988,1992,1995,1998,2003,2005,2007,2010,2015,2016,2019,2020","1982,1986,1990,1991,1994,1997,2002,2004,2013,2014,2017,2026",10000,,monthly_3_and_5_temperature_complete_snow_and_tmin,Sudbury,Northeast,46.63,False,True
sudbury,ONI,temp_anomaly,Strong El Nino,Neutral,1.578447039,-0.9142173092,2.492664348,0.6579558071,4.202195823,interval_excludes_zero,5,12,"1983,1992,1998,2010,2016","1982,1986,1990,1991,1994,1997,2002,2004,2013,2014,2017,2026",10000,fewer_than_10_winters_in_a_group,monthly_3_and_5_temperature_complete_snow_and_tmin,Sudbury,Northeast,46.63,False,True
sudbury,ONI,temp_anomaly,El Nino,La Nina,0.4690154892,-0.3645591074,0.8335745966,-0.4168980127,2.035739686,inconclusive,14,14,"1983,1987,1988,1992,1995,1998,2003,2005,2007,2010,2015,2016,2019,2020","1984,1985,1989,1996,1999,2000,2001,2006,2008,2009,2011,2012,2018,2022",10000,,monthly_3_and_5_temperature_complete_snow_and_tmin,Sudbury,Northeast,46.63,False,True
sudbury,ONI,temp_anomaly,La Nina,Neutral,-0.3645591074,-0.9142173092,0.5496582018,-1.0703342,2.106096171,inconclusive,14,12,"1984,1985,1989,1996,1999,2000,2001,2006,2008,2009,2011,2012,2018,2022","1982,1986,1990,1991,1994,1997,2002,2004,2013,2014,2017,2026",10000,,monthly_3_and_5_temperature_complete_snow_and_tmin,Sudbury,Northeast,46.63,False,True
sudbury,ONI,snowfall_total_cm,El Nino,Neutral,161.4846154,195.37,-33.88538462,-70.75717308,3.225615385,inconclusive,13,10,"1983,1987,1988,1992,1995,1998,2003,2005,2007,2010,2015,2016,2019","1982,1986,1990,1991,1997,2002,2004,2013,2014,2017",10000,,monthly_3_and_5_temperature_complete_snow_and_tmin,Sudbury,Northeast,46.63,False,True
sudbury,ONI,snowfall_total_cm,Strong El Nino,Neutral,158.52,195.37,-36.85,-83.71125,21.09025,inconclusive,5,10,"1983,1992,1998,2010,2016","1982,1986,1990,1991,1997,2002,2004,2013,2014,2017",10000,fewer_than_10_winters_in_a_group,monthly_3_and_5_temperature_complete_snow_and_tmin,Sudbury,Northeast,46.63,False,True
sudbury,ONI,snowfall_total_cm,El Nino,La Nina,161.4846154,194.0692308,-32.58461538,-67.23115385,3.715576923,inconclusive,13,13,"1983,1987,1988,1992,1995,1998,2003,2005,2007,2010,2015,2016,2019","1984,1989,1996,1999,2000,2001,2006,2008,2009,2011,2012,2018,2022",10000,,monthly_3_and_5_temperature_complete_snow_and_tmin,Sudbury,Northeast,46.63,False,True
sudbury,ONI,snowfall_total_cm,La Nina,Neutral,194.0692308,195.37,-1.300769231,-30.03609615,27.39073077,inconclusive,13,10,"1984,1989,1996,1999,2000,2001,2006,2008,2009,2011,2012,2018,2022","1982,1986,1990,1991,1997,2002,2004,2013,2014,2017",10000,,monthly_3_and_5_temperature_complete_snow_and_tmin,Sudbury,Northeast,46.63,False,True
sudbury,ONI,snow_days,El Nino,Neutral,33.61538462,35.6,-1.984615385,-6.361730769,2.469423077,inconclusive,13,10,"1983,1987,1988,1992,1995,1998,2003,2005,2007,2010,2015,2016,2019","1982,1986,1990,1991,1997,2002,2004,2013,2014,2017",10000,,monthly_3_and_5_temperature_complete_snow_and_tmin,Sudbury,Northeast,46.63,False,True
sudbury,ONI,snow_days,Strong El Nino,Neutral,33,35.6,-2.6,-7.1,1.9,inconclusive,5,10,"1983,1992,1998,2010,2016","1982,1986,1990,1991,1997,2002,2004,2013,2014,2017",10000,fewer_than_10_winters_in_a_group,monthly_3_and_5_temperature_complete_snow_and_tmin,Sudbury,Northeast,46.63,False,True
sudbury,ONI,snow_days,El Nino,La Nina,33.61538462,36.53846154,-2.923076923,-7.615384615,1.615384615,inconclusive,13,13,"1983,1987,1988,1992,1995,1998,2003,2005,2007,2010,2015,2016,2019","1984,1989,1996,1999,2000,2001,2006,2008,2009,2011,2012,2018,2022",10000,,monthly_3_and_5_temperature_complete_snow_and_tmin,Sudbury,Northeast,46.63,False,True
sudbury,ONI,snow_days,La Nina,Neutral,36.53846154,35.6,0.9384615385,-3.384615385,5.192307692,inconclusive,13,10,"1984,1989,1996,1999,2000,2001,2006,2008,2009,2011,2012,2018,2022","1982,1986,1990,1991,1997,2002,2004,2013,2014,2017",10000,,monthly_3_and_5_temperature_complete_snow_and_tmin,Sudbury,Northeast,46.63,False,True
sudbury,ONI,days_below_m20,El Nino,Neutral,27.27272727,28.3,-1.027272727,-9.282045455,7.845909091,inconclusive,11,10,"1983,1987,1988,1992,1995,2003,2005,2007,2010,2015,2016","1982,1986,1990,1991,1997,2002,2004,2013,2014,2017",10000,,monthly_3_and_5_temperature_complete_snow_and_tmin,Sudbury,Northeast,46.63,False,True
sudbury,ONI,days_below_m20,Strong El Nino,Neutral,22,28.3,-6.3,-14.95,3.2,inconclusive,4,10,"1983,1992,2010,2016","1982,1986,1990,1991,1997,2002,2004,2013,2014,2017",10000,fewer_than_10_winters_in_a_group,monthly_3_and_5_temperature_complete_snow_and_tmin,Sudbury,Northeast,46.63,False,True
sudbury,ONI,days_below_m20,El Nino,La Nina,27.27272727,26,1.272727273,-6.272727273,9.090909091,inconclusive,11,11,"1983,1987,1988,1992,1995,2003,2005,2007,2010,2015,2016","1984,1989,1996,1999,2000,2001,2006,2008,2009,2011,2012",10000,,monthly_3_and_5_temperature_complete_snow_and_tmin,Sudbury,Northeast,46.63,False,True
sudbury,ONI,days_below_m20,La Nina,Neutral,26,28.3,-2.3,-11.21840909,6.854545455,inconclusive,11,10,"1984,1989,1996,1999,2000,2001,2006,2008,2009,2011,2012","1982,1986,1990,1991,1997,2002,2004,2013,2014,2017",10000,,monthly_3_and_5_temperature_complete_snow_and_tmin,Sudbury,Northeast,46.63,False,True
thunderbay,ONI,mean_temp,El Nino,Neutral,-10.15778401,-12.41939397,2.261609968,0.3352375101,4.192871159,interval_excludes_zero,14,11,"1983,1987,1988,1992,1995,1998,2003,2007,2010,2015,2016,2019,2020,2024","1982,1986,1990,1991,1997,2002,2004,2013,2014,2017,2026",10000,,monthly_3_and_5_temperature_complete_snow_and_tmin,Thunder Bay,Northwest,48.37,True,True
thunderbay,ONI,mean_temp,Strong El Nino,Neutral,-8.640434652,-12.41939397,3.778959322,1.673577478,5.877641391,interval_excludes_zero,6,11,"1983,1992,1998,2010,2016,2024","1982,1986,1990,1991,1997,2002,2004,2013,2014,2017,2026",10000,fewer_than_10_winters_in_a_group,monthly_3_and_5_temperature_complete_snow_and_tmin,Thunder Bay,Northwest,48.37,True,True
thunderbay,ONI,mean_temp,El Nino,La Nina,-10.15778401,-12.18233906,2.024555053,0.4991535008,3.570011514,interval_excludes_zero,14,17,"1983,1987,1988,1992,1995,1998,2003,2007,2010,2015,2016,2019,2020,2024","1984,1985,1989,1996,1999,2000,2001,2006,2008,2009,2011,2012,2018,2021,2022,2023,2025",10000,,monthly_3_and_5_temperature_complete_snow_and_tmin,Thunder Bay,Northwest,48.37,True,True
thunderbay,ONI,mean_temp,La Nina,Neutral,-12.18233906,-12.41939397,0.2370549156,-1.515757772,2.058940604,inconclusive,17,11,"1984,1985,1989,1996,1999,2000,2001,2006,2008,2009,2011,2012,2018,2021,2022,2023,2025","1982,1986,1990,1991,1997,2002,2004,2013,2014,2017,2026",10000,,monthly_3_and_5_temperature_complete_snow_and_tmin,Thunder Bay,Northwest,48.37,True,True
thunderbay,ONI,temp_anomaly,El Nino,Neutral,1.375586339,-0.8860236292,2.261609968,0.3261753177,4.183006004,interval_excludes_zero,14,11,"1983,1987,1988,1992,1995,1998,2003,2007,2010,2015,2016,2019,2020,2024","1982,1986,1990,1991,1997,2002,2004,2013,2014,2017,2026",10000,,monthly_3_and_5_temperature_complete_snow_and_tmin,Thunder Bay,Northwest,48.37,True,True
thunderbay,ONI,temp_anomaly,Strong El Nino,Neutral,2.892935693,-0.8860236292,3.778959322,1.714190966,5.901210906,interval_excludes_zero,6,11,"1983,1992,1998,2010,2016,2024","1982,1986,1990,1991,1997,2002,2004,2013,2014,2017,2026",10000,fewer_than_10_winters_in_a_group,monthly_3_and_5_temperature_complete_snow_and_tmin,Thunder Bay,Northwest,48.37,True,True
thunderbay,ONI,temp_anomaly,El Nino,La Nina,1.375586339,-0.6489687135,2.024555053,0.5301578014,3.541299085,interval_excludes_zero,14,17,"1983,1987,1988,1992,1995,1998,2003,2007,2010,2015,2016,2019,2020,2024","1984,1985,1989,1996,1999,2000,2001,2006,2008,2009,2011,2012,2018,2021,2022,2023,2025",10000,,monthly_3_and_5_temperature_complete_snow_and_tmin,Thunder Bay,Northwest,48.37,True,True
thunderbay,ONI,temp_anomaly,La Nina,Neutral,-0.6489687135,-0.8860236292,0.2370549156,-1.570603111,2.073987039,inconclusive,17,11,"1984,1985,1989,1996,1999,2000,2001,2006,2008,2009,2011,2012,2018,2021,2022,2023,2025","1982,1986,1990,1991,1997,2002,2004,2013,2014,2017,2026",10000,,monthly_3_and_5_temperature_complete_snow_and_tmin,Thunder Bay,Northwest,48.37,True,True
thunderbay,ONI,snowfall_total_cm,El Nino,Neutral,74.58,111.85,-37.27,-66.355,-9.534875,interval_excludes_zero,5,4,"1983,1987,1988,1992,2003","1982,1986,1990,1991",10000,fewer_than_10_winters_in_a_group,monthly_3_and_5_temperature_complete_snow_and_tmin,Thunder Bay,Northwest,48.37,True,True
thunderbay,ONI,snowfall_total_cm,Strong El Nino,Neutral,107.7,111.85,-4.15,-13.375,5.325,inconclusive,2,4,"1983,1992","1982,1986,1990,1991",10000,fewer_than_10_winters_in_a_group,monthly_3_and_5_temperature_complete_snow_and_tmin,Thunder Bay,Northwest,48.37,True,True
thunderbay,ONI,snowfall_total_cm,El Nino,La Nina,74.58,110.9333333,-36.35333333,-77.24,-0.16,interval_excludes_zero,5,3,"1983,1987,1988,1992,2003","1984,1985,1989",10000,fewer_than_10_winters_in_a_group,monthly_3_and_5_temperature_complete_snow_and_tmin,Thunder Bay,Northwest,48.37,True,True
thunderbay,ONI,snowfall_total_cm,La Nina,Neutral,110.9333333,111.85,-0.9166666667,-26.75,31.15,inconclusive,3,4,"1984,1985,1989","1982,1986,1990,1991",10000,fewer_than_10_winters_in_a_group,monthly_3_and_5_temperature_complete_snow_and_tmin,Thunder Bay,Northwest,48.37,True,True
thunderbay,ONI,snow_days,El Nino,Neutral,17.6,23.75,-6.15,-14,0.8,inconclusive,5,4,"1983,1987,1988,1992,2003","1982,1986,1990,1991",10000,fewer_than_10_winters_in_a_group,monthly_3_and_5_temperature_complete_snow_and_tmin,Thunder Bay,Northwest,48.37,True,True
thunderbay,ONI,snow_days,Strong El Nino,Neutral,23.5,23.75,-0.25,-5.5,4.75,inconclusive,2,4,"1983,1992","1982,1986,1990,1991",10000,fewer_than_10_winters_in_a_group,monthly_3_and_5_temperature_complete_snow_and_tmin,Thunder Bay,Northwest,48.37,True,True
thunderbay,ONI,snow_days,El Nino,La Nina,17.6,21.33333333,-3.733333333,-11.6,3.001666667,inconclusive,5,3,"1983,1987,1988,1992,2003","1984,1985,1989",10000,fewer_than_10_winters_in_a_group,monthly_3_and_5_temperature_complete_snow_and_tmin,Thunder Bay,Northwest,48.37,True,True
thunderbay,ONI,snow_days,La Nina,Neutral,21.33333333,23.75,-2.416666667,-9,4.416666667,inconclusive,3,4,"1984,1985,1989","1982,1986,1990,1991",10000,fewer_than_10_winters_in_a_group,monthly_3_and_5_temperature_complete_snow_and_tmin,Thunder Bay,Northwest,48.37,True,True
thunderbay,ONI,days_below_m20,El Nino,Neutral,31,39.09090909,-8.090909091,-18.10931818,1.481818182,inconclusive,10,11,"1983,1987,1988,1992,1995,2003,2007,2010,2020,2024","1982,1986,1990,1991,1997,2002,2004,2013,2014,2017,2026",10000,,monthly_3_and_5_temperature_complete_snow_and_tmin,Thunder Bay,Northwest,48.37,True,True
thunderbay,ONI,days_below_m20,Strong El Nino,Neutral,26.5,39.09090909,-12.59090909,-23.95454545,-1.567613636,interval_excludes_zero,4,11,"1983,1992,2010,2024","1982,1986,1990,1991,1997,2002,2004,2013,2014,2017,2026",10000,fewer_than_10_winters_in_a_group,monthly_3_and_5_temperature_complete_snow_and_tmin,Thunder Bay,Northwest,48.37,True,True
thunderbay,ONI,days_below_m20,El Nino,La Nina,31,39.5,-8.5,-17.2375,-0.0246875,interval_excludes_zero,10,16,"1983,1987,1988,1992,1995,2003,2007,2010,2020,2024","1984,1985,1989,1996,1999,2001,2006,2008,2009,2011,2012,2018,2021,2022,2023,2025",10000,,monthly_3_and_5_temperature_complete_snow_and_tmin,Thunder Bay,Northwest,48.37,True,True
thunderbay,ONI,days_below_m20,La Nina,Neutral,39.5,39.09090909,0.4090909091,-9.386931818,9.983380682,inconclusive,16,11,"1984,1985,1989,1996,1999,2001,2006,2008,2009,2011,2012,2018,2021,2022,2023,2025","1982,1986,1990,1991,1997,2002,2004,2013,2014,2017,2026",10000,,monthly_3_and_5_temperature_complete_snow_and_tmin,Thunder Bay,Northwest,48.37,True,True
toronto,ONI,mean_temp,El Nino,Neutral,-3.121012617,-4.265280391,1.144267774,-0.3432656288,2.639607166,inconclusive,15,13,"1983,1987,1988,1992,1995,1998,2003,2005,2007,2010,2015,2016,2019,2020,2024","1982,1986,1990,1991,1993,1994,1997,2002,2004,2013,2014,2017,2026",10000,,monthly_3_and_5_temperature_complete_snow_and_tmin,Toronto Pearson,South-central,43.68,True,True
toronto,ONI,mean_temp,Strong El Nino,Neutral,-1.782452177,-4.265280391,2.482828214,0.8524377589,4.133450708,interval_excludes_zero,6,13,"1983,1992,1998,2010,2016,2024","1982,1986,1990,1991,1993,1994,1997,2002,2004,2013,2014,2017,2026",10000,fewer_than_10_winters_in_a_group,monthly_3_and_5_temperature_complete_snow_and_tmin,Toronto Pearson,South-central,43.68,True,True
toronto,ONI,mean_temp,El Nino,La Nina,-3.121012617,-3.659614958,0.5386023406,-0.6450257342,1.677865211,inconclusive,15,17,"1983,1987,1988,1992,1995,1998,2003,2005,2007,2010,2015,2016,2019,2020,2024","1984,1985,1989,1996,1999,2000,2001,2006,2008,2009,2011,2012,2018,2021,2022,2023,2025",10000,,monthly_3_and_5_temperature_complete_snow_and_tmin,Toronto Pearson,South-central,43.68,True,True
toronto,ONI,mean_temp,La Nina,Neutral,-3.659614958,-4.265280391,0.6056654337,-0.7818850703,2.029780595,inconclusive,17,13,"1984,1985,1989,1996,1999,2000,2001,2006,2008,2009,2011,2012,2018,2021,2022,2023,2025","1982,1986,1990,1991,1993,1994,1997,2002,2004,2013,2014,2017,2026",10000,,monthly_3_and_5_temperature_complete_snow_and_tmin,Toronto Pearson,South-central,43.68,True,True
toronto,ONI,temp_anomaly,El Nino,Neutral,0.4693789307,-0.6748888437,1.144267774,-0.3430796675,2.638205734,inconclusive,15,13,"1983,1987,1988,1992,1995,1998,2003,2005,2007,2010,2015,2016,2019,2020,2024","1982,1986,1990,1991,1993,1994,1997,2002,2004,2013,2014,2017,2026",10000,,monthly_3_and_5_temperature_complete_snow_and_tmin,Toronto Pearson,South-central,43.68,True,True
toronto,ONI,temp_anomaly,Strong El Nino,Neutral,1.80793937,-0.6748888437,2.482828214,0.8090346309,4.159584349,interval_excludes_zero,6,13,"1983,1992,1998,2010,2016,2024","1982,1986,1990,1991,1993,1994,1997,2002,2004,2013,2014,2017,2026",10000,fewer_than_10_winters_in_a_group,monthly_3_and_5_temperature_complete_snow_and_tmin,Toronto Pearson,South-central,43.68,True,True
toronto,ONI,temp_anomaly,El Nino,La Nina,0.4693789307,-0.06922340996,0.5386023406,-0.61607147,1.68656485,inconclusive,15,17,"1983,1987,1988,1992,1995,1998,2003,2005,2007,2010,2015,2016,2019,2020,2024","1984,1985,1989,1996,1999,2000,2001,2006,2008,2009,2011,2012,2018,2021,2022,2023,2025",10000,,monthly_3_and_5_temperature_complete_snow_and_tmin,Toronto Pearson,South-central,43.68,True,True
toronto,ONI,temp_anomaly,La Nina,Neutral,-0.06922340996,-0.6748888437,0.6056654337,-0.8157507159,2.034270134,inconclusive,17,13,"1984,1985,1989,1996,1999,2000,2001,2006,2008,2009,2011,2012,2018,2021,2022,2023,2025","1982,1986,1990,1991,1993,1994,1997,2002,2004,2013,2014,2017,2026",10000,,monthly_3_and_5_temperature_complete_snow_and_tmin,Toronto Pearson,South-central,43.68,True,True
toronto,ONI,snowfall_total_cm,El Nino,Neutral,70.61538462,88.60909091,-17.99370629,-40.84910839,2.805926573,inconclusive,13,11,"1983,1987,1988,1992,1995,1998,2003,2005,2007,2010,2016,2019,2020","1982,1986,1990,1991,1997,2002,2004,2013,2014,2017,2026",10000,,monthly_3_and_5_temperature_complete_snow_and_tmin,Toronto Pearson,South-central,43.68,True,True
toronto,ONI,snowfall_total_cm,Strong El Nino,Neutral,48.66,88.60909091,-39.94909091,-60.79454545,-20.44172727,interval_excludes_zero,5,11,"1983,1992,1998,2010,2016","1982,1986,1990,1991,1997,2002,2004,2013,2014,2017,2026",10000,fewer_than_10_winters_in_a_group,monthly_3_and_5_temperature_complete_snow_and_tmin,Toronto Pearson,South-central,43.68,True,True
toronto,ONI,snowfall_total_cm,El Nino,La Nina,70.61538462,86.7,-16.08461538,-37.96192308,5.130961538,inconclusive,13,13,"1983,1987,1988,1992,1995,1998,2003,2005,2007,2010,2016,2019,2020","1984,1989,1996,1999,2000,2001,2006,2008,2009,2011,2012,2018,2023",10000,,monthly_3_and_5_temperature_complete_snow_and_tmin,Toronto Pearson,South-central,43.68,True,True
toronto,ONI,snowfall_total_cm,La Nina,Neutral,86.7,88.60909091,-1.909090909,-25.81286713,20.50933566,inconclusive,13,11,"1984,1989,1996,1999,2000,2001,2006,2008,2009,2011,2012,2018,2023","1982,1986,1990,1991,1997,2002,2004,2013,2014,2017,2026",10000,,monthly_3_and_5_temperature_complete_snow_and_tmin,Toronto Pearson,South-central,43.68,True,True
toronto,ONI,snow_days,El Nino,Neutral,15.23076923,19.54545455,-4.314685315,-7.916083916,-0.6501748252,interval_excludes_zero,13,11,"1983,1987,1988,1992,1995,1998,2003,2005,2007,2010,2016,2019,2020","1982,1986,1990,1991,1997,2002,2004,2013,2014,2017,2026",10000,,monthly_3_and_5_temperature_complete_snow_and_tmin,Toronto Pearson,South-central,43.68,True,True
toronto,ONI,snow_days,Strong El Nino,Neutral,12.2,19.54545455,-7.345454545,-10.56363636,-4.072727273,interval_excludes_zero,5,11,"1983,1992,1998,2010,2016","1982,1986,1990,1991,1997,2002,2004,2013,2014,2017,2026",10000,fewer_than_10_winters_in_a_group,monthly_3_and_5_temperature_complete_snow_and_tmin,Toronto Pearson,South-central,43.68,True,True
toronto,ONI,snow_days,El Nino,La Nina,15.23076923,19,-3.769230769,-6.769230769,-0.6153846154,interval_excludes_zero,13,13,"1983,1987,1988,1992,1995,1998,2003,2005,2007,2010,2016,2019,2020","1984,1989,1996,1999,2000,2001,2006,2008,2009,2011,2012,2018,2023",10000,,monthly_3_and_5_temperature_complete_snow_and_tmin,Toronto Pearson,South-central,43.68,True,True
toronto,ONI,snow_days,La Nina,Neutral,19,19.54545455,-0.5454545455,-3.839160839,2.72027972,inconclusive,13,11,"1984,1989,1996,1999,2000,2001,2006,2008,2009,2011,2012,2018,2023","1982,1986,1990,1991,1997,2002,2004,2013,2014,2017,2026",10000,,monthly_3_and_5_temperature_complete_snow_and_tmin,Toronto Pearson,South-central,43.68,True,True
toronto,ONI,days_below_m20,El Nino,Neutral,2.666666667,4.181818182,-1.515151515,-4.296969697,1.096969697,inconclusive,15,11,"1983,1987,1988,1992,1995,1998,2003,2005,2007,2010,2015,2016,2019,2020,2024","1982,1986,1990,1991,1997,2002,2004,2013,2014,2017,2026",10000,,monthly_3_and_5_temperature_complete_snow_and_tmin,Toronto Pearson,South-central,43.68,True,True
toronto,ONI,days_below_m20,Strong El Nino,Neutral,0.6666666667,4.181818182,-3.515151515,-6.03030303,-1.303030303,interval_excludes_zero,6,11,"1983,1992,1998,2010,2016,2024","1982,1986,1990,1991,1997,2002,2004,2013,2014,2017,2026",10000,fewer_than_10_winters_in_a_group,monthly_3_and_5_temperature_complete_snow_and_tmin,Toronto Pearson,South-central,43.68,True,True
toronto,ONI,days_below_m20,El Nino,La Nina,2.666666667,2.642857143,0.02380952381,-2.133452381,2.157142857,inconclusive,15,14,"1983,1987,1988,1992,1995,1998,2003,2005,2007,2010,2015,2016,2019,2020,2024","1984,1989,1996,1999,2000,2001,2006,2008,2009,2011,2012,2018,2023,2025",10000,,monthly_3_and_5_temperature_complete_snow_and_tmin,Toronto Pearson,South-central,43.68,True,True
toronto,ONI,days_below_m20,La Nina,Neutral,2.642857143,4.181818182,-1.538961039,-4.383116883,1.110551948,inconclusive,14,11,"1984,1989,1996,1999,2000,2001,2006,2008,2009,2011,2012,2018,2023,2025","1982,1986,1990,1991,1997,2002,2004,2013,2014,2017,2026",10000,,monthly_3_and_5_temperature_complete_snow_and_tmin,Toronto Pearson,South-central,43.68,True,True
windsor,ONI,mean_temp,El Nino,Neutral,-1.738786121,-3.173322006,1.434535885,-0.07416590291,2.902069529,inconclusive,12,11,"1983,1987,1988,1992,1995,1998,2003,2005,2007,2010,2019,2020","1982,1986,1990,1991,1994,1997,2002,2004,2013,2014,2026",10000,,monthly_3_and_5_temperature_complete_snow_and_tmin,Windsor,Southwest,42.28,True,True
windsor,ONI,mean_temp,Strong El Nino,Neutral,-0.7882478632,-3.173322006,2.385074143,0.5858618673,4.114854213,interval_excludes_zero,4,11,"1983,1992,1998,2010","1982,1986,1990,1991,1994,1997,2002,2004,2013,2014,2026",10000,fewer_than_10_winters_in_a_group,monthly_3_and_5_temperature_complete_snow_and_tmin,Windsor,Southwest,42.28,True,True
windsor,ONI,mean_temp,El Nino,La Nina,-1.738786121,-2.383343923,0.6445578015,-0.4387824405,1.69842557,inconclusive,12,16,"1983,1987,1988,1992,1995,1998,2003,2005,2007,2010,2019,2020","1984,1985,1989,1996,1999,2000,2001,2006,2008,2009,2011,2012,2021,2022,2023,2025",10000,,monthly_3_and_5_temperature_complete_snow_and_tmin,Windsor,Southwest,42.28,True,True
windsor,ONI,mean_temp,La Nina,Neutral,-2.383343923,-3.173322006,0.7899780835,-0.6903007933,2.209097943,inconclusive,16,11,"1984,1985,1989,1996,1999,2000,2001,2006,2008,2009,2011,2012,2021,2022,2023,2025","1982,1986,1990,1991,1994,1997,2002,2004,2013,2014,2026",10000,,monthly_3_and_5_temperature_complete_snow_and_tmin,Windsor,Southwest,42.28,True,True
windsor,ONI,temp_anomaly,El Nino,Neutral,0.4694467458,-0.9650891391,1.434535885,-0.02783974401,2.836316816,inconclusive,12,11,"1983,1987,1988,1992,1995,1998,2003,2005,2007,2010,2019,2020","1982,1986,1990,1991,1994,1997,2002,2004,2013,2014,2026",10000,,monthly_3_and_5_temperature_complete_snow_and_tmin,Windsor,Southwest,42.28,True,True
windsor,ONI,temp_anomaly,Strong El Nino,Neutral,1.419985004,-0.9650891391,2.385074143,0.5825457705,4.104542548,interval_excludes_zero,4,11,"1983,1992,1998,2010","1982,1986,1990,1991,1994,1997,2002,2004,2013,2014,2026",10000,fewer_than_10_winters_in_a_group,monthly_3_and_5_temperature_complete_snow_and_tmin,Windsor,Southwest,42.28,True,True
windsor,ONI,temp_anomaly,El Nino,La Nina,0.4694467458,-0.1751110556,0.6445578015,-0.4475712524,1.711912861,inconclusive,12,16,"1983,1987,1988,1992,1995,1998,2003,2005,2007,2010,2019,2020","1984,1985,1989,1996,1999,2000,2001,2006,2008,2009,2011,2012,2021,2022,2023,2025",10000,,monthly_3_and_5_temperature_complete_snow_and_tmin,Windsor,Southwest,42.28,True,True
windsor,ONI,temp_anomaly,La Nina,Neutral,-0.1751110556,-0.9650891391,0.7899780835,-0.6671935773,2.201572818,inconclusive,16,11,"1984,1985,1989,1996,1999,2000,2001,2006,2008,2009,2011,2012,2021,2022,2023,2025","1982,1986,1990,1991,1994,1997,2002,2004,2013,2014,2026",10000,,monthly_3_and_5_temperature_complete_snow_and_tmin,Windsor,Southwest,42.28,True,True
windsor,ONI,snowfall_total_cm,El Nino,Neutral,87,113.9444444,-26.94444444,-64.00358333,7.130277778,inconclusive,10,9,"1983,1987,1988,1992,1995,1998,2003,2005,2007,2010","1982,1986,1990,1991,1997,2002,2004,2013,2014",10000,fewer_than_10_winters_in_a_group,monthly_3_and_5_temperature_complete_snow_and_tmin,Windsor,Southwest,42.28,True,True
windsor,ONI,snowfall_total_cm,Strong El Nino,Neutral,65.55,113.9444444,-48.39444444,-93.81833333,-5.582430556,interval_excludes_zero,4,9,"1983,1992,1998,2010","1982,1986,1990,1991,1997,2002,2004,2013,2014",10000,fewer_than_10_winters_in_a_group,monthly_3_and_5_temperature_complete_snow_and_tmin,Windsor,Southwest,42.28,True,True
windsor,ONI,snowfall_total_cm,El Nino,La Nina,87,109.6583333,-22.65833333,-53.11216667,7.441708333,inconclusive,10,12,"1983,1987,1988,1992,1995,1998,2003,2005,2007,2010","1984,1985,1989,1996,1999,2000,2001,2006,2008,2009,2011,2012",10000,,monthly_3_and_5_temperature_complete_snow_and_tmin,Windsor,Southwest,42.28,True,True
windsor,ONI,snowfall_total_cm,La Nina,Neutral,109.6583333,113.9444444,-4.286111111,-38.43347222,26.83076389,inconclusive,12,9,"1984,1985,1989,1996,1999,2000,2001,2006,2008,2009,2011,2012","1982,1986,1990,1991,1997,2002,2004,2013,2014",10000,fewer_than_10_winters_in_a_group,monthly_3_and_5_temperature_complete_snow_and_tmin,Windsor,Southwest,42.28,True,True
windsor,ONI,snow_days,El Nino,Neutral,16.6,22.88888889,-6.288888889,-12.08888889,-0.9777777778,interval_excludes_zero,10,9,"1983,1987,1988,1992,1995,1998,2003,2005,2007,2010","1982,1986,1990,1991,1997,2002,2004,2013,2014",10000,fewer_than_10_winters_in_a_group,monthly_3_and_5_temperature_complete_snow_and_tmin,Windsor,Southwest,42.28,True,True
windsor,ONI,snow_days,Strong El Nino,Neutral,14.25,22.88888889,-8.638888889,-17.11111111,-0.08333333333,interval_excludes_zero,4,9,"1983,1992,1998,2010","1982,1986,1990,1991,1997,2002,2004,2013,2014",10000,fewer_than_10_winters_in_a_group,monthly_3_and_5_temperature_complete_snow_and_tmin,Windsor,Southwest,42.28,True,True
windsor,ONI,snow_days,El Nino,La Nina,16.6,21.83333333,-5.233333333,-9.75,-0.8,interval_excludes_zero,10,12,"1983,1987,1988,1992,1995,1998,2003,2005,2007,2010","1984,1985,1989,1996,1999,2000,2001,2006,2008,2009,2011,2012",10000,,monthly_3_and_5_temperature_complete_snow_and_tmin,Windsor,Southwest,42.28,True,True
windsor,ONI,snow_days,La Nina,Neutral,21.83333333,22.88888889,-1.055555556,-5.861111111,3.416666667,inconclusive,12,9,"1984,1985,1989,1996,1999,2000,2001,2006,2008,2009,2011,2012","1982,1986,1990,1991,1997,2002,2004,2013,2014",10000,fewer_than_10_winters_in_a_group,monthly_3_and_5_temperature_complete_snow_and_tmin,Windsor,Southwest,42.28,True,True
windsor,ONI,days_below_m20,El Nino,Neutral,0.3333333333,2.2,-1.866666667,-3.7,-0.1666666667,interval_excludes_zero,12,10,"1983,1987,1988,1992,1995,1998,2003,2005,2007,2010,2019,2020","1982,1986,1990,1991,1997,2002,2004,2013,2014,2026",10000,,monthly_3_and_5_temperature_complete_snow_and_tmin,Windsor,Southwest,42.28,True,True
windsor,ONI,days_below_m20,Strong El Nino,Neutral,0,2.2,-2.2,-4,-0.7,interval_excludes_zero,4,10,"1983,1992,1998,2010","1982,1986,1990,1991,1997,2002,2004,2013,2014,2026",10000,fewer_than_10_winters_in_a_group,monthly_3_and_5_temperature_complete_snow_and_tmin,Windsor,Southwest,42.28,True,True
windsor,ONI,days_below_m20,El Nino,La Nina,0.3333333333,1.133333333,-0.8,-2.133333333,0.3333333333,inconclusive,12,15,"1983,1987,1988,1992,1995,1998,2003,2005,2007,2010,2019,2020","1984,1985,1989,1996,1999,2000,2001,2006,2008,2009,2011,2012,2021,2022,2025",10000,,monthly_3_and_5_temperature_complete_snow_and_tmin,Windsor,Southwest,42.28,True,True
windsor,ONI,days_below_m20,La Nina,Neutral,1.133333333,2.2,-1.066666667,-3.033333333,0.8333333333,inconclusive,15,10,"1984,1985,1989,1996,1999,2000,2001,2006,2008,2009,2011,2012,2021,2022,2025","1982,1986,1990,1991,1997,2002,2004,2013,2014,2026",10000,,monthly_3_and_5_temperature_complete_snow_and_tmin,Windsor,Southwest,42.28,True,True
london,RONI,mean_temp,El Nino,Neutral,-3.571218559,-4.964639454,1.393420895,-0.4220089269,3.17877082,inconclusive,15,9,"1983,1987,1988,1991,1992,1995,1998,2003,2005,2007,2010,2015,2016,2019,2024","1982,1986,1990,1994,1997,2002,2004,2014,2020",10000,fewer_than_10_winters_in_a_group,monthly_3_and_5_temperature_complete_snow_and_tmin,London,Southwest,43.03,False,False
london,RONI,mean_temp,Strong El Nino,Neutral,-2.386959707,-4.964639454,2.577679747,0.6676641522,4.422624006,interval_excludes_zero,5,9,"1983,1987,1992,1998,2016","1982,1986,1990,1994,1997,2002,2004,2014,2020",10000,fewer_than_10_winters_in_a_group,monthly_3_and_5_temperature_complete_snow_and_tmin,London,Southwest,43.03,False,False
london,RONI,mean_temp,El Nino,La Nina,-3.571218559,-4.088822447,0.517603888,-0.6724111539,1.67594622,inconclusive,15,20,"1983,1987,1988,1991,1992,1995,1998,2003,2005,2007,2010,2015,2016,2019,2024","1984,1985,1989,1996,1999,2000,2001,2006,2008,2009,2011,2012,2013,2017,2018,2021,2022,2023,2025,2026",10000,,monthly_3_and_5_temperature_complete_snow_and_tmin,London,Southwest,43.03,False,False
london,RONI,mean_temp,La Nina,Neutral,-4.088822447,-4.964639454,0.8758170068,-0.8441343275,2.527844424,inconclusive,20,9,"1984,1985,1989,1996,1999,2000,2001,2006,2008,2009,2011,2012,2013,2017,2018,2021,2022,2023,2025,2026","1982,1986,1990,1994,1997,2002,2004,2014,2020",10000,fewer_than_10_winters_in_a_group,monthly_3_and_5_temperature_complete_snow_and_tmin,London,Southwest,43.03,False,False
london,RONI,temp_anomaly,El Nino,Neutral,0.5081603481,-0.8852605468,1.393420895,-0.4915116266,3.145814938,inconclusive,15,9,"1983,1987,1988,1991,1992,1995,1998,2003,2005,2007,2010,2015,2016,2019,2024","1982,1986,1990,1994,1997,2002,2004,2014,2020",10000,fewer_than_10_winters_in_a_group,monthly_3_and_5_temperature_complete_snow_and_tmin,London,Southwest,43.03,False,False
london,RONI,temp_anomaly,Strong El Nino,Neutral,1.6924192,-0.8852605468,2.577679747,0.6514263194,4.404924517,interval_excludes_zero,5,9,"1983,1987,1992,1998,2016","1982,1986,1990,1994,1997,2002,2004,2014,2020",10000,fewer_than_10_winters_in_a_group,monthly_3_and_5_temperature_complete_snow_and_tmin,London,Southwest,43.03,False,False
london,RONI,temp_anomaly,El Nino,La Nina,0.5081603481,-0.009443539929,0.517603888,-0.6771813124,1.681521037,inconclusive,15,20,"1983,1987,1988,1991,1992,1995,1998,2003,2005,2007,2010,2015,2016,2019,2024","1984,1985,1989,1996,1999,2000,2001,2006,2008,2009,2011,2012,2013,2017,2018,2021,2022,2023,2025,2026",10000,,monthly_3_and_5_temperature_complete_snow_and_tmin,London,Southwest,43.03,False,False
london,RONI,temp_anomaly,La Nina,Neutral,-0.009443539929,-0.8852605468,0.8758170068,-0.8177991558,2.464510183,inconclusive,20,9,"1984,1985,1989,1996,1999,2000,2001,2006,2008,2009,2011,2012,2013,2017,2018,2021,2022,2023,2025,2026","1982,1986,1990,1994,1997,2002,2004,2014,2020",10000,fewer_than_10_winters_in_a_group,monthly_3_and_5_temperature_complete_snow_and_tmin,London,Southwest,43.03,False,False
london,RONI,snowfall_total_cm,El Nino,Neutral,128.975,154.38,-25.405,-69.5153125,21.9443125,inconclusive,8,5,"1983,1987,1988,1991,1992,1995,1998,2003","1982,1986,1990,1997,2002",10000,fewer_than_10_winters_in_a_group,monthly_3_and_5_temperature_complete_snow_and_tmin,London,Southwest,43.03,False,False
london,RONI,snowfall_total_cm,Strong El Nino,Neutral,102.2,154.38,-52.18,-101.1005,-0.359,interval_excludes_zero,4,5,"1983,1987,1992,1998","1982,1986,1990,1997,2002",10000,fewer_than_10_winters_in_a_group,monthly_3_and_5_temperature_complete_snow_and_tmin,London,Southwest,43.03,False,False
london,RONI,snowfall_total_cm,El Nino,La Nina,128.975,145.1285714,-16.15357143,-64.64660714,32.0271875,inconclusive,8,7,"1983,1987,1988,1991,1992,1995,1998,2003","1984,1985,1989,1996,1999,2000,2001",10000,fewer_than_10_winters_in_a_group,monthly_3_and_5_temperature_complete_snow_and_tmin,London,Southwest,43.03,False,False
london,RONI,snowfall_total_cm,La Nina,Neutral,145.1285714,154.38,-9.251428571,-51.37192857,36.33157143,inconclusive,7,5,"1984,1985,1989,1996,1999,2000,2001","1982,1986,1990,1997,2002",10000,fewer_than_10_winters_in_a_group,monthly_3_and_5_temperature_complete_snow_and_tmin,London,Southwest,43.03,False,False
london,RONI,snow_days,El Nino,Neutral,28.25,35,-6.75,-14.100625,1.5,inconclusive,8,5,"1983,1987,1988,1991,1992,1995,1998,2003","1982,1986,1990,1997,2002",10000,fewer_than_10_winters_in_a_group,monthly_3_and_5_temperature_complete_snow_and_tmin,London,Southwest,43.03,False,False
london,RONI,snow_days,Strong El Nino,Neutral,23.25,35,-11.75,-17.95125,-5.15,interval_excludes_zero,4,5,"1983,1987,1992,1998","1982,1986,1990,1997,2002",10000,fewer_than_10_winters_in_a_group,monthly_3_and_5_temperature_complete_snow_and_tmin,London,Southwest,43.03,False,False
london,RONI,snow_days,El Nino,La Nina,28.25,31.85714286,-3.607142857,-11.30357143,4.750446429,inconclusive,8,7,"1983,1987,1988,1991,1992,1995,1998,2003","1984,1985,1989,1996,1999,2000,2001",10000,fewer_than_10_winters_in_a_group,monthly_3_and_5_temperature_complete_snow_and_tmin,London,Southwest,43.03,False,False
london,RONI,snow_days,La Nina,Neutral,31.85714286,35,-3.142857143,-9.142857143,3.057857143,inconclusive,7,5,"1984,1985,1989,1996,1999,2000,2001","1982,1986,1990,1997,2002",10000,fewer_than_10_winters_in_a_group,monthly_3_and_5_temperature_complete_snow_and_tmin,London,Southwest,43.03,False,False
london,RONI,days_below_m20,El Nino,Neutral,3.6,5.375,-1.775,-6.625,2.716875,inconclusive,15,8,"1983,1987,1988,1991,1992,1995,1998,2003,2005,2007,2010,2015,2016,2019,2024","1982,1986,1990,1997,2002,2004,2014,2020",10000,fewer_than_10_winters_in_a_group,monthly_3_and_5_temperature_complete_snow_and_tmin,London,Southwest,43.03,False,False
london,RONI,days_below_m20,Strong El Nino,Neutral,1.6,5.375,-3.775,-8.3,0.075625,inconclusive,5,8,"1983,1987,1992,1998,2016","1982,1986,1990,1997,2002,2004,2014,2020",10000,fewer_than_10_winters_in_a_group,monthly_3_and_5_temperature_complete_snow_and_tmin,London,Southwest,43.03,False,False
london,RONI,days_below_m20,El Nino,La Nina,3.6,4.111111111,-0.5111111111,-3.166666667,2.488888889,inconclusive,15,18,"1983,1987,1988,1991,1992,1995,1998,2003,2005,2007,2010,2015,2016,2019,2024","1984,1985,1989,1996,1999,2000,2001,2006,2008,2009,2011,2012,2013,2018,2021,2022,2025,2026",10000,,monthly_3_and_5_temperature_complete_snow_and_tmin,London,Southwest,43.03,False,False
london,RONI,days_below_m20,La Nina,Neutral,4.111111111,5.375,-1.263888889,-5.722569444,2.736458333,inconclusive,18,8,"1984,1985,1989,1996,1999,2000,2001,2006,2008,2009,2011,2012,2013,2018,2021,2022,2025,2026","1982,1986,1990,1997,2002,2004,2014,2020",10000,fewer_than_10_winters_in_a_group,monthly_3_and_5_temperature_complete_snow_and_tmin,London,Southwest,43.03,False,False
ottawa,RONI,mean_temp,El Nino,Neutral,-7.595903948,-8.344685592,0.7487816443,-1.088100888,2.413254548,inconclusive,15,8,"1983,1987,1988,1991,1992,1995,1998,2003,2005,2007,2010,2015,2016,2019,2024","1982,1986,1990,1997,2002,2004,2014,2020",10000,fewer_than_10_winters_in_a_group,monthly_3_and_5_temperature_complete_snow_and_tmin,Ottawa,East,45.32,True,True
ottawa,RONI,mean_temp,Strong El Nino,Neutral,-6.938114774,-8.344685592,1.406570818,-0.7251711538,3.368008906,inconclusive,5,8,"1983,1987,1992,1998,2016","1982,1986,1990,1997,2002,2004,2014,2020",10000,fewer_than_10_winters_in_a_group,monthly_3_and_5_temperature_complete_snow_and_tmin,Ottawa,East,45.32,True,True
ottawa,RONI,mean_temp,El Nino,La Nina,-7.595903948,-7.877517004,0.2816130556,-0.8770130071,1.444333432,inconclusive,15,20,"1983,1987,1988,1991,1992,1995,1998,2003,2005,2007,2010,2015,2016,2019,2024","1984,1985,1989,1996,1999,2000,2001,2006,2008,2009,2011,2012,2013,2017,2018,2021,2022,2023,2025,2026",10000,,monthly_3_and_5_temperature_complete_snow_and_tmin,Ottawa,East,45.32,True,True
ottawa,RONI,mean_temp,La Nina,Neutral,-7.877517004,-8.344685592,0.4671685887,-1.234318095,1.934224307,inconclusive,20,8,"1984,1985,1989,1996,1999,2000,2001,2006,2008,2009,2011,2012,2013,2017,2018,2021,2022,2023,2025,2026","1982,1986,1990,1997,2002,2004,2014,2020",10000,fewer_than_10_winters_in_a_group,monthly_3_and_5_temperature_complete_snow_and_tmin,Ottawa,East,45.32,True,True
ottawa,RONI,temp_anomaly,El Nino,Neutral,0.2273488905,-0.5214327538,0.7487816443,-1.095051114,2.440634076,inconclusive,15,8,"1983,1987,1988,1991,1992,1995,1998,2003,2005,2007,2010,2015,2016,2019,2024","1982,1986,1990,1997,2002,2004,2014,2020",10000,fewer_than_10_winters_in_a_group,monthly_3_and_5_temperature_complete_snow_and_tmin,Ottawa,East,45.32,True,True
ottawa,RONI,temp_anomaly,Strong El Nino,Neutral,0.8851380643,-0.5214327538,1.406570818,-0.6783304716,3.366498405,inconclusive,5,8,"1983,1987,1992,1998,2016","1982,1986,1990,1997,2002,2004,2014,2020",10000,fewer_than_10_winters_in_a_group,monthly_3_and_5_temperature_complete_snow_and_tmin,Ottawa,East,45.32,True,True
ottawa,RONI,temp_anomaly,El Nino,La Nina,0.2273488905,-0.05426416507,0.2816130556,-0.862838687,1.429735291,inconclusive,15,20,"1983,1987,1988,1991,1992,1995,1998,2003,2005,2007,2010,2015,2016,2019,2024","1984,1985,1989,1996,1999,2000,2001,2006,2008,2009,2011,2012,2013,2017,2018,2021,2022,2023,2025,2026",10000,,monthly_3_and_5_temperature_complete_snow_and_tmin,Ottawa,East,45.32,True,True
ottawa,RONI,temp_anomaly,La Nina,Neutral,-0.05426416507,-0.5214327538,0.4671685887,-1.20745291,1.931706486,inconclusive,20,8,"1984,1985,1989,1996,1999,2000,2001,2006,2008,2009,2011,2012,2013,2017,2018,2021,2022,2023,2025,2026","1982,1986,1990,1997,2002,2004,2014,2020",10000,fewer_than_10_winters_in_a_group,monthly_3_and_5_temperature_complete_snow_and_tmin,Ottawa,East,45.32,True,True
ottawa,RONI,snowfall_total_cm,El Nino,Neutral,135.7,145.9142857,-10.21428571,-37.91854762,16.39269048,inconclusive,15,7,"1983,1987,1988,1991,1992,1995,1998,2003,2005,2007,2010,2015,2016,2019,2024","1982,1986,1990,1997,2002,2004,2020",10000,fewer_than_10_winters_in_a_group,monthly_3_and_5_temperature_complete_snow_and_tmin,Ottawa,East,45.32,True,True
ottawa,RONI,snowfall_total_cm,Strong El Nino,Neutral,135.22,145.9142857,-10.69428571,-48.88907143,28.3205,inconclusive,5,7,"1983,1987,1992,1998,2016","1982,1986,1990,1997,2002,2004,2020",10000,fewer_than_10_winters_in_a_group,monthly_3_and_5_temperature_complete_snow_and_tmin,Ottawa,East,45.32,True,True
ottawa,RONI,snowfall_total_cm,El Nino,La Nina,135.7,178.3222222,-42.62222222,-67.81447222,-17.79413889,interval_excludes_zero,15,18,"1983,1987,1988,1991,1992,1995,1998,2003,2005,2007,2010,2015,2016,2019,2024","1984,1985,1989,1996,1999,2000,2001,2006,2008,2009,2011,2017,2018,2021,2022,2023,2025,2026",10000,,monthly_3_and_5_temperature_complete_snow_and_tmin,Ottawa,East,45.32,True,True
ottawa,RONI,snowfall_total_cm,La Nina,Neutral,178.3222222,145.9142857,32.40793651,4.651329365,60.15111111,interval_excludes_zero,18,7,"1984,1985,1989,1996,1999,2000,2001,2006,2008,2009,2011,2017,2018,2021,2022,2023,2025,2026","1982,1986,1990,1997,2002,2004,2020",10000,fewer_than_10_winters_in_a_group,monthly_3_and_5_temperature_complete_snow_and_tmin,Ottawa,East,45.32,True,True
ottawa,RONI,snow_days,El Nino,Neutral,27,29.14285714,-2.142857143,-7.20952381,2.476428571,inconclusive,15,7,"1983,1987,1988,1991,1992,1995,1998,2003,2005,2007,2010,2015,2016,2019,2024","1982,1986,1990,1997,2002,2004,2020",10000,fewer_than_10_winters_in_a_group,monthly_3_and_5_temperature_complete_snow_and_tmin,Ottawa,East,45.32,True,True
ottawa,RONI,snow_days,Strong El Nino,Neutral,25,29.14285714,-4.142857143,-9.685714286,1.114285714,inconclusive,5,7,"1983,1987,1992,1998,2016","1982,1986,1990,1997,2002,2004,2020",10000,fewer_than_10_winters_in_a_group,monthly_3_and_5_temperature_complete_snow_and_tmin,Ottawa,East,45.32,True,True
ottawa,RONI,snow_days,El Nino,La Nina,27,32,-5,-8.088888889,-1.888888889,interval_excludes_zero,15,18,"1983,1987,1988,1991,1992,1995,1998,2003,2005,2007,2010,2015,2016,2019,2024","1984,1985,1989,1996,1999,2000,2001,2006,2008,2009,2011,2017,2018,2021,2022,2023,2025,2026",10000,,monthly_3_and_5_temperature_complete_snow_and_tmin,Ottawa,East,45.32,True,True
ottawa,RONI,snow_days,La Nina,Neutral,32,29.14285714,2.857142857,-2.095436508,7.428571429,inconclusive,18,7,"1984,1985,1989,1996,1999,2000,2001,2006,2008,2009,2011,2017,2018,2021,2022,2023,2025,2026","1982,1986,1990,1997,2002,2004,2020",10000,fewer_than_10_winters_in_a_group,monthly_3_and_5_temperature_complete_snow_and_tmin,Ottawa,East,45.32,True,True
ottawa,RONI,days_below_m20,El Nino,Neutral,14.46666667,16.875,-2.408333333,-8.708333333,4.5,inconclusive,15,8,"1983,1987,1988,1991,1992,1995,1998,2003,2005,2007,2010,2015,2016,2019,2024","1982,1986,1990,1997,2002,2004,2014,2020",10000,fewer_than_10_winters_in_a_group,monthly_3_and_5_temperature_complete_snow_and_tmin,Ottawa,East,45.32,True,True
ottawa,RONI,days_below_m20,Strong El Nino,Neutral,12,16.875,-4.875,-11.575,2.25,inconclusive,5,8,"1983,1987,1992,1998,2016","1982,1986,1990,1997,2002,2004,2014,2020",10000,fewer_than_10_winters_in_a_group,monthly_3_and_5_temperature_complete_snow_and_tmin,Ottawa,East,45.32,True,True
ottawa,RONI,days_below_m20,El Nino,La Nina,14.46666667,13.86666667,0.6,-4.333333333,5.868333333,inconclusive,15,15,"1983,1987,1988,1991,1992,1995,1998,2003,2005,2007,2010,2015,2016,2019,2024","1984,1985,1989,1996,1999,2000,2001,2006,2008,2009,2011,2012,2017,2018,2025",10000,,monthly_3_and_5_temperature_complete_snow_and_tmin,Ottawa,East,45.32,True,True
ottawa,RONI,days_below_m20,La Nina,Neutral,13.86666667,16.875,-3.008333333,-8.65,3.183541667,inconclusive,15,8,"1984,1985,1989,1996,1999,2000,2001,2006,2008,2009,2011,2012,2017,2018,2025","1982,1986,1990,1997,2002,2004,2014,2020",10000,fewer_than_10_winters_in_a_group,monthly_3_and_5_temperature_complete_snow_and_tmin,Ottawa,East,45.32,True,True
sudbury,RONI,mean_temp,El Nino,Neutral,-10.1459802,-11.8935617,1.7475815,-0.1831740732,3.495279335,inconclusive,14,9,"1983,1987,1988,1991,1992,1995,1998,2003,2005,2007,2010,2015,2016,2019","1982,1986,1990,1994,1997,2002,2004,2014,2020",10000,fewer_than_10_winters_in_a_group,monthly_3_and_5_temperature_complete_snow_and_tmin,Sudbury,Northeast,46.63,False,True
sudbury,RONI,mean_temp,Strong El Nino,Neutral,-8.824908754,-11.8935617,3.068652943,1.068240671,4.948979169,interval_excludes_zero,5,9,"1983,1987,1992,1998,2016","1982,1986,1990,1994,1997,2002,2004,2014,2020",10000,fewer_than_10_winters_in_a_group,monthly_3_and_5_temperature_complete_snow_and_tmin,Sudbury,Northeast,46.63,False,True
sudbury,RONI,mean_temp,El Nino,La Nina,-10.1459802,-10.70202646,0.5560462643,-0.6608094501,1.694182093,inconclusive,14,17,"1983,1987,1988,1991,1992,1995,1998,2003,2005,2007,2010,2015,2016,2019","1984,1985,1989,1996,1999,2000,2001,2006,2008,2009,2011,2012,2013,2017,2018,2022,2026",10000,,monthly_3_and_5_temperature_complete_snow_and_tmin,Sudbury,Northeast,46.63,False,True
sudbury,RONI,mean_temp,La Nina,Neutral,-10.70202646,-11.8935617,1.191535236,-0.6404869044,2.902344376,inconclusive,17,9,"1984,1985,1989,1996,1999,2000,2001,2006,2008,2009,2011,2012,2013,2017,2018,2022,2026","1982,1986,1990,1994,1997,2002,2004,2014,2020",10000,fewer_than_10_winters_in_a_group,monthly_3_and_5_temperature_complete_snow_and_tmin,Sudbury,Northeast,46.63,False,True
sudbury,RONI,temp_anomaly,El Nino,Neutral,0.3918200407,-1.355761459,1.7475815,-0.1734840423,3.507561447,inconclusive,14,9,"1983,1987,1988,1991,1992,1995,1998,2003,2005,2007,2010,2015,2016,2019","1982,1986,1990,1994,1997,2002,2004,2014,2020",10000,fewer_than_10_winters_in_a_group,monthly_3_and_5_temperature_complete_snow_and_tmin,Sudbury,Northeast,46.63,False,True
sudbury,RONI,temp_anomaly,Strong El Nino,Neutral,1.712891483,-1.355761459,3.068652943,1.046516824,4.928228765,interval_excludes_zero,5,9,"1983,1987,1992,1998,2016","1982,1986,1990,1994,1997,2002,2004,2014,2020",10000,fewer_than_10_winters_in_a_group,monthly_3_and_5_temperature_complete_snow_and_tmin,Sudbury,Northeast,46.63,False,True
sudbury,RONI,temp_anomaly,El Nino,La Nina,0.3918200407,-0.1642262236,0.5560462643,-0.6744413322,1.74493321,inconclusive,14,17,"1983,1987,1988,1991,1992,1995,1998,2003,2005,2007,2010,2015,2016,2019","1984,1985,1989,1996,1999,2000,2001,2006,2008,2009,2011,2012,2013,2017,2018,2022,2026",10000,,monthly_3_and_5_temperature_complete_snow_and_tmin,Sudbury,Northeast,46.63,False,True
sudbury,RONI,temp_anomaly,La Nina,Neutral,-0.1642262236,-1.355761459,1.191535236,-0.6062045024,2.90350719,inconclusive,17,9,"1984,1985,1989,1996,1999,2000,2001,2006,2008,2009,2011,2012,2013,2017,2018,2022,2026","1982,1986,1990,1994,1997,2002,2004,2014,2020",10000,fewer_than_10_winters_in_a_group,monthly_3_and_5_temperature_complete_snow_and_tmin,Sudbury,Northeast,46.63,False,True
sudbury,RONI,snowfall_total_cm,El Nino,Neutral,160.8071429,194.0428571,-33.23571429,-71.68625,4.343928571,inconclusive,14,7,"1983,1987,1988,1991,1992,1995,1998,2003,2005,2007,2010,2015,2016,2019","1982,1986,1990,1997,2002,2004,2014",10000,fewer_than_10_winters_in_a_group,monthly_3_and_5_temperature_complete_snow_and_tmin,Sudbury,Northeast,46.63,False,True
sudbury,RONI,snowfall_total_cm,Strong El Nino,Neutral,166.28,194.0428571,-27.76285714,-78.66885714,28.3675,inconclusive,5,7,"1983,1987,1992,1998,2016","1982,1986,1990,1997,2002,2004,2014",10000,fewer_than_10_winters_in_a_group,monthly_3_and_5_temperature_complete_snow_and_tmin,Sudbury,Northeast,46.63,False,True
sudbury,RONI,snowfall_total_cm,El Nino,La Nina,160.8071429,197.7533333,-36.94619048,-68.63477381,-3.02477381,interval_excludes_zero,14,15,"1983,1987,1988,1991,1992,1995,1998,2003,2005,2007,2010,2015,2016,2019","1984,1989,1996,1999,2000,2001,2006,2008,2009,2011,2012,2013,2017,2018,2022",10000,,monthly_3_and_5_temperature_complete_snow_and_tmin,Sudbury,Northeast,46.63,False,True
sudbury,RONI,snowfall_total_cm,La Nina,Neutral,197.7533333,194.0428571,3.71047619,-29.746,31.9632619,inconclusive,15,7,"1984,1989,1996,1999,2000,2001,2006,2008,2009,2011,2012,2013,2017,2018,2022","1982,1986,1990,1997,2002,2004,2014",10000,fewer_than_10_winters_in_a_group,monthly_3_and_5_temperature_complete_snow_and_tmin,Sudbury,Northeast,46.63,False,True
sudbury,RONI,snow_days,El Nino,Neutral,33.57142857,35.42857143,-1.857142857,-7,3,inconclusive,14,7,"1983,1987,1988,1991,1992,1995,1998,2003,2005,2007,2010,2015,2016,2019","1982,1986,1990,1997,2002,2004,2014",10000,fewer_than_10_winters_in_a_group,monthly_3_and_5_temperature_complete_snow_and_tmin,Sudbury,Northeast,46.63,False,True
sudbury,RONI,snow_days,Strong El Nino,Neutral,33.2,35.42857143,-2.228571429,-7.457142857,2.828571429,inconclusive,5,7,"1983,1987,1992,1998,2016","1982,1986,1990,1997,2002,2004,2014",10000,fewer_than_10_winters_in_a_group,monthly_3_and_5_temperature_complete_snow_and_tmin,Sudbury,Northeast,46.63,False,True
sudbury,RONI,snow_days,El Nino,La Nina,33.57142857,36.66666667,-3.095238095,-7.195357143,1.123928571,inconclusive,14,15,"1983,1987,1988,1991,1992,1995,1998,2003,2005,2007,2010,2015,2016,2019","1984,1989,1996,1999,2000,2001,2006,2008,2009,2011,2012,2013,2017,2018,2022",10000,,monthly_3_and_5_temperature_complete_snow_and_tmin,Sudbury,Northeast,46.63,False,True
sudbury,RONI,snow_days,La Nina,Neutral,36.66666667,35.42857143,1.238095238,-3.685714286,5.761904762,inconclusive,15,7,"1984,1989,1996,1999,2000,2001,2006,2008,2009,2011,2012,2013,2017,2018,2022","1982,1986,1990,1997,2002,2004,2014",10000,fewer_than_10_winters_in_a_group,monthly_3_and_5_temperature_complete_snow_and_tmin,Sudbury,Northeast,46.63,False,True
sudbury,RONI,days_below_m20,El Nino,Neutral,27.16666667,31.28571429,-4.119047619,-12.79761905,6.619345238,inconclusive,12,7,"1983,1987,1988,1991,1992,1995,2003,2005,2007,2010,2015,2016","1982,1986,1990,1997,2002,2004,2014",10000,fewer_than_10_winters_in_a_group,monthly_3_and_5_temperature_complete_snow_and_tmin,Sudbury,Northeast,46.63,False,True
sudbury,RONI,days_below_m20,Strong El Nino,Neutral,23,31.28571429,-8.285714286,-17.25,2.464285714,inconclusive,4,7,"1983,1987,1992,2016","1982,1986,1990,1997,2002,2004,2014",10000,fewer_than_10_winters_in_a_group,monthly_3_and_5_temperature_complete_snow_and_tmin,Sudbury,Northeast,46.63,False,True
sudbury,RONI,days_below_m20,El Nino,La Nina,27.16666667,24.92307692,2.243589744,-4.679647436,9.403846154,inconclusive,12,13,"1983,1987,1988,1991,1992,1995,2003,2005,2007,2010,2015,2016","1984,1989,1996,1999,2000,2001,2006,2008,2009,2011,2012,2013,2017",10000,,monthly_3_and_5_temperature_complete_snow_and_tmin,Sudbury,Northeast,46.63,False,True
sudbury,RONI,days_below_m20,La Nina,Neutral,24.92307692,31.28571429,-6.362637363,-15.26373626,4.49478022,inconclusive,13,7,"1984,1989,1996,1999,2000,2001,2006,2008,2009,2011,2012,2013,2017","1982,1986,1990,1997,2002,2004,2014",10000,fewer_than_10_winters_in_a_group,monthly_3_and_5_temperature_complete_snow_and_tmin,Sudbury,Northeast,46.63,False,True
thunderbay,RONI,mean_temp,El Nino,Neutral,-10.39221275,-12.69085149,2.298638739,-0.01312469686,4.648519618,inconclusive,14,8,"1983,1987,1988,1991,1992,1995,1998,2003,2007,2010,2015,2016,2019,2024","1982,1986,1990,1997,2002,2004,2014,2020",10000,fewer_than_10_winters_in_a_group,monthly_3_and_5_temperature_complete_snow_and_tmin,Thunder Bay,Northwest,48.37,True,True
thunderbay,RONI,mean_temp,Strong El Nino,Neutral,-8.612013646,-12.69085149,4.078837844,1.882541235,6.206624188,interval_excludes_zero,5,8,"1983,1987,1992,1998,2016","1982,1986,1990,1997,2002,2004,2014,2020",10000,fewer_than_10_winters_in_a_group,monthly_3_and_5_temperature_complete_snow_and_tmin,Thunder Bay,Northwest,48.37,True,True
thunderbay,RONI,mean_temp,El Nino,La Nina,-10.39221275,-11.94521417,1.553001415,0.06384798342,3.10308199,interval_excludes_zero,14,20,"1983,1987,1988,1991,1992,1995,1998,2003,2007,2010,2015,2016,2019,2024","1984,1985,1989,1996,1999,2000,2001,2006,2008,2009,2011,2012,2013,2017,2018,2021,2022,2023,2025,2026",10000,,monthly_3_and_5_temperature_complete_snow_and_tmin,Thunder Bay,Northwest,48.37,True,True
thunderbay,RONI,mean_temp,La Nina,Neutral,-11.94521417,-12.69085149,0.7456373231,-1.350197694,2.916275036,inconclusive,20,8,"1984,1985,1989,1996,1999,2000,2001,2006,2008,2009,2011,2012,2013,2017,2018,2021,2022,2023,2025,2026","1982,1986,1990,1997,2002,2004,2014,2020",10000,fewer_than_10_winters_in_a_group,monthly_3_and_5_temperature_complete_snow_and_tmin,Thunder Bay,Northwest,48.37,True,True
thunderbay,RONI,temp_anomaly,El Nino,Neutral,1.141157593,-1.157481145,2.298638739,-0.006803851457,4.588960327,inconclusive,14,8,"1983,1987,1988,1991,1992,1995,1998,2003,2007,2010,2015,2016,2019,2024","1982,1986,1990,1997,2002,2004,2014,2020",10000,fewer_than_10_winters_in_a_group,monthly_3_and_5_temperature_complete_snow_and_tmin,Thunder Bay,Northwest,48.37,True,True
thunderbay,RONI,temp_anomaly,Strong El Nino,Neutral,2.921356699,-1.157481145,4.078837844,1.871255601,6.226547792,interval_excludes_zero,5,8,"1983,1987,1992,1998,2016","1982,1986,1990,1997,2002,2004,2014,2020",10000,fewer_than_10_winters_in_a_group,monthly_3_and_5_temperature_complete_snow_and_tmin,Thunder Bay,Northwest,48.37,True,True
thunderbay,RONI,temp_anomaly,El Nino,La Nina,1.141157593,-0.4118438223,1.553001415,0.0529719064,3.125440949,interval_excludes_zero,14,20,"1983,1987,1988,1991,1992,1995,1998,2003,2007,2010,2015,2016,2019,2024","1984,1985,1989,1996,1999,2000,2001,2006,2008,2009,2011,2012,2013,2017,2018,2021,2022,2023,2025,2026",10000,,monthly_3_and_5_temperature_complete_snow_and_tmin,Thunder Bay,Northwest,48.37,True,True
thunderbay,RONI,temp_anomaly,La Nina,Neutral,-0.4118438223,-1.157481145,0.7456373231,-1.442658241,2.889771689,inconclusive,20,8,"1984,1985,1989,1996,1999,2000,2001,2006,2008,2009,2011,2012,2013,2017,2018,2021,2022,2023,2025,2026","1982,1986,1990,1997,2002,2004,2014,2020",10000,fewer_than_10_winters_in_a_group,monthly_3_and_5_temperature_complete_snow_and_tmin,Thunder Bay,Northwest,48.37,True,True
thunderbay,RONI,snowfall_total_cm,El Nino,Neutral,80.31666667,112.8,-32.48333333,-61.45458333,-4.933333333,interval_excludes_zero,6,3,"1983,1987,1988,1991,1992,2003","1982,1986,1990",10000,fewer_than_10_winters_in_a_group,monthly_3_and_5_temperature_complete_snow_and_tmin,Thunder Bay,Northwest,48.37,True,True
thunderbay,RONI,snowfall_total_cm,Strong El Nino,Neutral,94.6,112.8,-18.2,-43.9,4.2,inconclusive,3,3,"1983,1987,1992","1982,1986,1990",10000,fewer_than_10_winters_in_a_group,monthly_3_and_5_temperature_complete_snow_and_tmin,Thunder Bay,Northwest,48.37,True,True
thunderbay,RONI,snowfall_total_cm,El Nino,La Nina,80.31666667,110.9333333,-30.61666667,-70.1,3.666666667,inconclusive,6,3,"1983,1987,1988,1991,1992,2003","1984,1985,1989",10000,fewer_than_10_winters_in_a_group,monthly_3_and_5_temperature_complete_snow_and_tmin,Thunder Bay,Northwest,48.37,True,True
thunderbay,RONI,snowfall_total_cm,La Nina,Neutral,110.9333333,112.8,-1.866666667,-30.2,32,inconclusive,3,3,"1984,1985,1989","1982,1986,1990",10000,fewer_than_10_winters_in_a_group,monthly_3_and_5_temperature_complete_snow_and_tmin,Thunder Bay,Northwest,48.37,True,True
thunderbay,RONI,snow_days,El Nino,Neutral,18.5,24,-5.5,-13.66666667,2.333333333,inconclusive,6,3,"1983,1987,1988,1991,1992,2003","1982,1986,1990",10000,fewer_than_10_winters_in_a_group,monthly_3_and_5_temperature_complete_snow_and_tmin,Thunder Bay,Northwest,48.37,True,True
thunderbay,RONI,snow_days,Strong El Nino,Neutral,21,24,-3,-10.33333333,4.333333333,inconclusive,3,3,"1983,1987,1992","1982,1986,1990",10000,fewer_than_10_winters_in_a_group,monthly_3_and_5_temperature_complete_snow_and_tmin,Thunder Bay,Northwest,48.37,True,True
thunderbay,RONI,snow_days,El Nino,La Nina,18.5,21.33333333,-2.833333333,-10.16666667,3.5,inconclusive,6,3,"1983,1987,1988,1991,1992,2003","1984,1985,1989",10000,fewer_than_10_winters_in_a_group,monthly_3_and_5_temperature_complete_snow_and_tmin,Thunder Bay,Northwest,48.37,True,True
thunderbay,RONI,snow_days,La Nina,Neutral,21.33333333,24,-2.666666667,-10.66666667,5.333333333,inconclusive,3,3,"1984,1985,1989","1982,1986,1990",10000,fewer_than_10_winters_in_a_group,monthly_3_and_5_temperature_complete_snow_and_tmin,Thunder Bay,Northwest,48.37,True,True
thunderbay,RONI,days_below_m20,El Nino,Neutral,32.6,40.875,-8.275,-19.675625,3.35,inconclusive,10,8,"1983,1987,1988,1991,1992,1995,2003,2007,2010,2024","1982,1986,1990,1997,2002,2004,2014,2020",10000,fewer_than_10_winters_in_a_group,monthly_3_and_5_temperature_complete_snow_and_tmin,Thunder Bay,Northwest,48.37,True,True
thunderbay,RONI,days_below_m20,Strong El Nino,Neutral,24.66666667,40.875,-16.20833333,-27.959375,-4.5,interval_excludes_zero,3,8,"1983,1987,1992","1982,1986,1990,1997,2002,2004,2014,2020",10000,fewer_than_10_winters_in_a_group,monthly_3_and_5_temperature_complete_snow_and_tmin,Thunder Bay,Northwest,48.37,True,True
thunderbay,RONI,days_below_m20,El Nino,La Nina,32.6,37.84210526,-5.242105263,-13.90039474,3.136973684,inconclusive,10,19,"1983,1987,1988,1991,1992,1995,2003,2007,2010,2024","1984,1985,1989,1996,1999,2001,2006,2008,2009,2011,2012,2013,2017,2018,2021,2022,2023,2025,2026",10000,,monthly_3_and_5_temperature_complete_snow_and_tmin,Thunder Bay,Northwest,48.37,True,True
thunderbay,RONI,days_below_m20,La Nina,Neutral,37.84210526,40.875,-3.032894737,-13.87516447,7.454276316,inconclusive,19,8,"1984,1985,1989,1996,1999,2001,2006,2008,2009,2011,2012,2013,2017,2018,2021,2022,2023,2025,2026","1982,1986,1990,1997,2002,2004,2014,2020",10000,fewer_than_10_winters_in_a_group,monthly_3_and_5_temperature_complete_snow_and_tmin,Thunder Bay,Northwest,48.37,True,True
toronto,RONI,mean_temp,El Nino,Neutral,-3.300057574,-4.590940969,1.290883395,-0.5224965426,2.960207965,inconclusive,16,9,"1983,1987,1988,1991,1992,1993,1995,1998,2003,2005,2007,2010,2015,2016,2019,2024","1982,1986,1990,1994,1997,2002,2004,2014,2020",10000,fewer_than_10_winters_in_a_group,monthly_3_and_5_temperature_complete_snow_and_tmin,Toronto Pearson,South-central,43.68,True,True
toronto,RONI,mean_temp,Strong El Nino,Neutral,-2.216590965,-4.590940969,2.374350004,0.4095922514,4.223695045,interval_excludes_zero,5,9,"1983,1987,1992,1998,2016","1982,1986,1990,1994,1997,2002,2004,2014,2020",10000,fewer_than_10_winters_in_a_group,monthly_3_and_5_temperature_complete_snow_and_tmin,Toronto Pearson,South-central,43.68,True,True
toronto,RONI,mean_temp,El Nino,La Nina,-3.300057574,-3.517894936,0.2178373626,-0.8643663041,1.330525362,inconclusive,16,20,"1983,1987,1988,1991,1992,1993,1995,1998,2003,2005,2007,2010,2015,2016,2019,2024","1984,1985,1989,1996,1999,2000,2001,2006,2008,2009,2011,2012,2013,2017,2018,2021,2022,2023,2025,2026",10000,,monthly_3_and_5_temperature_complete_snow_and_tmin,Toronto Pearson,South-central,43.68,True,True
toronto,RONI,mean_temp,La Nina,Neutral,-3.517894936,-4.590940969,1.073046033,-0.6797487382,2.726310975,inconclusive,20,9,"1984,1985,1989,1996,1999,2000,2001,2006,2008,2009,2011,2012,2013,2017,2018,2021,2022,2023,2025,2026","1982,1986,1990,1994,1997,2002,2004,2014,2020",10000,fewer_than_10_winters_in_a_group,monthly_3_and_5_temperature_complete_snow_and_tmin,Toronto Pearson,South-central,43.68,True,True
toronto,RONI,temp_anomaly,El Nino,Neutral,0.2903339741,-1.000549421,1.290883395,-0.4889287718,2.999364678,inconclusive,16,9,"1983,1987,1988,1991,1992,1993,1995,1998,2003,2005,2007,2010,2015,2016,2019,2024","1982,1986,1990,1994,1997,2002,2004,2014,2020",10000,fewer_than_10_winters_in_a_group,monthly_3_and_5_temperature_complete_snow_and_tmin,Toronto Pearson,South-central,43.68,True,True
toronto,RONI,temp_anomaly,Strong El Nino,Neutral,1.373800583,-1.000549421,2.374350004,0.3486574477,4.231780555,interval_excludes_zero,5,9,"1983,1987,1992,1998,2016","1982,1986,1990,1994,1997,2002,2004,2014,2020",10000,fewer_than_10_winters_in_a_group,monthly_3_and_5_temperature_complete_snow_and_tmin,Toronto Pearson,South-central,43.68,True,True
toronto,RONI,temp_anomaly,El Nino,La Nina,0.2903339741,0.07249661147,0.2178373626,-0.8525672269,1.32980728,inconclusive,16,20,"1983,1987,1988,1991,1992,1993,1995,1998,2003,2005,2007,2010,2015,2016,2019,2024","1984,1985,1989,1996,1999,2000,2001,2006,2008,2009,2011,2012,2013,2017,2018,2021,2022,2023,2025,2026",10000,,monthly_3_and_5_temperature_complete_snow_and_tmin,Toronto Pearson,South-central,43.68,True,True
toronto,RONI,temp_anomaly,La Nina,Neutral,0.07249661147,-1.000549421,1.073046033,-0.7045357881,2.729534915,inconclusive,20,9,"1984,1985,1989,1996,1999,2000,2001,2006,2008,2009,2011,2012,2013,2017,2018,2021,2022,2023,2025,2026","1982,1986,1990,1994,1997,2002,2004,2014,2020",10000,fewer_than_10_winters_in_a_group,monthly_3_and_5_temperature_complete_snow_and_tmin,Toronto Pearson,South-central,43.68,True,True
toronto,RONI,snowfall_total_cm,El Nino,Neutral,67.87692308,84.85,-16.97307692,-35.98466346,2.925576923,inconclusive,13,8,"1983,1987,1988,1991,1992,1995,1998,2003,2005,2007,2010,2016,2019","1982,1986,1990,1997,2002,2004,2014,2020",10000,fewer_than_10_winters_in_a_group,monthly_3_and_5_temperature_complete_snow_and_tmin,Toronto Pearson,South-central,43.68,True,True
toronto,RONI,snowfall_total_cm,Strong El Nino,Neutral,54.5,84.85,-30.35,-51.65,-7.72375,interval_excludes_zero,5,8,"1983,1987,1992,1998,2016","1982,1986,1990,1997,2002,2004,2014,2020",10000,fewer_than_10_winters_in_a_group,monthly_3_and_5_temperature_complete_snow_and_tmin,Toronto Pearson,South-central,43.68,True,True
toronto,RONI,snowfall_total_cm,El Nino,La Nina,67.87692308,91.1625,-23.28557692,-43.75626202,-3.08125,interval_excludes_zero,13,16,"1983,1987,1988,1991,1992,1995,1998,2003,2005,2007,2010,2016,2019","1984,1989,1996,1999,2000,2001,2006,2008,2009,2011,2012,2013,2017,2018,2023,2026",10000,,monthly_3_and_5_temperature_complete_snow_and_tmin,Toronto Pearson,South-central,43.68,True,True
toronto,RONI,snowfall_total_cm,La Nina,Neutral,91.1625,84.85,6.3125,-14.48234375,27.93203125,inconclusive,16,8,"1984,1989,1996,1999,2000,2001,2006,2008,2009,2011,2012,2013,2017,2018,2023,2026","1982,1986,1990,1997,2002,2004,2014,2020",10000,fewer_than_10_winters_in_a_group,monthly_3_and_5_temperature_complete_snow_and_tmin,Toronto Pearson,South-central,43.68,True,True
toronto,RONI,snow_days,El Nino,Neutral,14.61538462,20.75,-6.134615385,-9.567548077,-2.471153846,interval_excludes_zero,13,8,"1983,1987,1988,1991,1992,1995,1998,2003,2005,2007,2010,2016,2019","1982,1986,1990,1997,2002,2004,2014,2020",10000,fewer_than_10_winters_in_a_group,monthly_3_and_5_temperature_complete_snow_and_tmin,Toronto Pearson,South-central,43.68,True,True
toronto,RONI,snow_days,Strong El Nino,Neutral,11.4,20.75,-9.35,-12.5,-6,interval_excludes_zero,5,8,"1983,1987,1992,1998,2016","1982,1986,1990,1997,2002,2004,2014,2020",10000,fewer_than_10_winters_in_a_group,monthly_3_and_5_temperature_complete_snow_and_tmin,Toronto Pearson,South-central,43.68,True,True
toronto,RONI,snow_days,El Nino,La Nina,14.61538462,19,-4.384615385,-7.004807692,-1.716225962,interval_excludes_zero,13,16,"1983,1987,1988,1991,1992,1995,1998,2003,2005,2007,2010,2016,2019","1984,1989,1996,1999,2000,2001,2006,2008,2009,2011,2012,2013,2017,2018,2023,2026",10000,,monthly_3_and_5_temperature_complete_snow_and_tmin,Toronto Pearson,South-central,43.68,True,True
toronto,RONI,snow_days,La Nina,Neutral,19,20.75,-1.75,-5,1.8125,inconclusive,16,8,"1984,1989,1996,1999,2000,2001,2006,2008,2009,2011,2012,2013,2017,2018,2023,2026","1982,1986,1990,1997,2002,2004,2014,2020",10000,fewer_than_10_winters_in_a_group,monthly_3_and_5_temperature_complete_snow_and_tmin,Toronto Pearson,South-central,43.68,True,True
toronto,RONI,days_below_m20,El Nino,Neutral,2.666666667,5,-2.333333333,-5.508333333,0.7166666667,inconclusive,15,8,"1983,1987,1988,1991,1992,1995,1998,2003,2005,2007,2010,2015,2016,2019,2024","1982,1986,1990,1997,2002,2004,2014,2020",10000,fewer_than_10_winters_in_a_group,monthly_3_and_5_temperature_complete_snow_and_tmin,Toronto Pearson,South-central,43.68,True,True
toronto,RONI,days_below_m20,Strong El Nino,Neutral,1.6,5,-3.4,-6.575625,-0.4,interval_excludes_zero,5,8,"1983,1987,1992,1998,2016","1982,1986,1990,1997,2002,2004,2014,2020",10000,fewer_than_10_winters_in_a_group,monthly_3_and_5_temperature_complete_snow_and_tmin,Toronto Pearson,South-central,43.68,True,True
toronto,RONI,days_below_m20,El Nino,La Nina,2.666666667,2.529411765,0.137254902,-1.82754902,2.145196078,inconclusive,15,17,"1983,1987,1988,1991,1992,1995,1998,2003,2005,2007,2010,2015,2016,2019,2024","1984,1989,1996,1999,2000,2001,2006,2008,2009,2011,2012,2013,2017,2018,2023,2025,2026",10000,,monthly_3_and_5_temperature_complete_snow_and_tmin,Toronto Pearson,South-central,43.68,True,True
toronto,RONI,days_below_m20,La Nina,Neutral,2.529411765,5,-2.470588235,-5.632536765,0.4854779412,inconclusive,17,8,"1984,1989,1996,1999,2000,2001,2006,2008,2009,2011,2012,2013,2017,2018,2023,2025,2026","1982,1986,1990,1997,2002,2004,2014,2020",10000,fewer_than_10_winters_in_a_group,monthly_3_and_5_temperature_complete_snow_and_tmin,Toronto Pearson,South-central,43.68,True,True
windsor,RONI,mean_temp,El Nino,Neutral,-1.855289988,-3.162919272,1.307629284,-0.4086568647,2.97061843,inconclusive,12,9,"1983,1987,1988,1991,1992,1995,1998,2003,2005,2007,2010,2019","1982,1986,1990,1994,1997,2002,2004,2014,2020",10000,fewer_than_10_winters_in_a_group,monthly_3_and_5_temperature_complete_snow_and_tmin,Windsor,Southwest,42.28,True,True
windsor,RONI,mean_temp,Strong El Nino,Neutral,-0.5901923077,-3.162919272,2.572726964,0.7176551704,4.364591555,interval_excludes_zero,4,9,"1983,1987,1992,1998","1982,1986,1990,1994,1997,2002,2004,2014,2020",10000,fewer_than_10_winters_in_a_group,monthly_3_and_5_temperature_complete_snow_and_tmin,Windsor,Southwest,42.28,True,True
windsor,RONI,mean_temp,El Nino,La Nina,-1.855289988,-2.398651388,0.5433614004,-0.4742584518,1.551794177,inconclusive,12,18,"1983,1987,1988,1991,1992,1995,1998,2003,2005,2007,2010,2019","1984,1985,1989,1996,1999,2000,2001,2006,2008,2009,2011,2012,2013,2021,2022,2023,2025,2026",10000,,monthly_3_and_5_temperature_complete_snow_and_tmin,Windsor,Southwest,42.28,True,True
windsor,RONI,mean_temp,La Nina,Neutral,-2.398651388,-3.162919272,0.7642678839,-0.9458025071,2.371559958,inconclusive,18,9,"1984,1985,1989,1996,1999,2000,2001,2006,2008,2009,2011,2012,2013,2021,2022,2023,2025,2026","1982,1986,1990,1994,1997,2002,2004,2014,2020",10000,fewer_than_10_winters_in_a_group,monthly_3_and_5_temperature_complete_snow_and_tmin,Windsor,Southwest,42.28,True,True
windsor,RONI,temp_anomaly,El Nino,Neutral,0.3529428793,-0.954686405,1.307629284,-0.3978325101,2.95031161,inconclusive,12,9,"1983,1987,1988,1991,1992,1995,1998,2003,2005,2007,2010,2019","1982,1986,1990,1994,1997,2002,2004,2014,2020",10000,fewer_than_10_winters_in_a_group,monthly_3_and_5_temperature_complete_snow_and_tmin,Windsor,Southwest,42.28,True,True
windsor,RONI,temp_anomaly,Strong El Nino,Neutral,1.618040559,-0.954686405,2.572726964,0.7829988831,4.340337648,interval_excludes_zero,4,9,"1983,1987,1992,1998","1982,1986,1990,1994,1997,2002,2004,2014,2020",10000,fewer_than_10_winters_in_a_group,monthly_3_and_5_temperature_complete_snow_and_tmin,Windsor,Southwest,42.28,True,True
windsor,RONI,temp_anomaly,El Nino,La Nina,0.3529428793,-0.190418521,0.5433614004,-0.4876153318,1.560779638,inconclusive,12,18,"1983,1987,1988,1991,1992,1995,1998,2003,2005,2007,2010,2019","1984,1985,1989,1996,1999,2000,2001,2006,2008,2009,2011,2012,2013,2021,2022,2023,2025,2026",10000,,monthly_3_and_5_temperature_complete_snow_and_tmin,Windsor,Southwest,42.28,True,True
windsor,RONI,temp_anomaly,La Nina,Neutral,-0.190418521,-0.954686405,0.7642678839,-0.972425996,2.402326532,inconclusive,18,9,"1984,1985,1989,1996,1999,2000,2001,2006,2008,2009,2011,2012,2013,2021,2022,2023,2025,2026","1982,1986,1990,1994,1997,2002,2004,2014,2020",10000,fewer_than_10_winters_in_a_group,monthly_3_and_5_temperature_complete_snow_and_tmin,Windsor,Southwest,42.28,True,True
windsor,RONI,snowfall_total_cm,El Nino,Neutral,86.49090909,117.7857143,-31.29480519,-71.74347403,6.288116883,inconclusive,11,7,"1983,1987,1988,1991,1992,1995,1998,2003,2005,2007,2010","1982,1986,1990,1997,2002,2004,2014",10000,fewer_than_10_winters_in_a_group,monthly_3_and_5_temperature_complete_snow_and_tmin,Windsor,Southwest,42.28,True,True
windsor,RONI,snowfall_total_cm,Strong El Nino,Neutral,57.15,117.7857143,-60.63571429,-104.6255357,-20.73928571,interval_excludes_zero,4,7,"1983,1987,1992,1998","1982,1986,1990,1997,2002,2004,2014",10000,fewer_than_10_winters_in_a_group,monthly_3_and_5_temperature_complete_snow_and_tmin,Windsor,Southwest,42.28,True,True
windsor,RONI,snowfall_total_cm,El Nino,La Nina,86.49090909,110.4230769,-23.93216783,-51.99875874,3.959825175,inconclusive,11,13,"1983,1987,1988,1991,1992,1995,1998,2003,2005,2007,2010","1984,1985,1989,1996,1999,2000,2001,2006,2008,2009,2011,2012,2013",10000,,monthly_3_and_5_temperature_complete_snow_and_tmin,Windsor,Southwest,42.28,True,True
windsor,RONI,snowfall_total_cm,La Nina,Neutral,110.4230769,117.7857143,-7.362637363,-45.76620879,28.34524725,inconclusive,13,7,"1984,1985,1989,1996,1999,2000,2001,2006,2008,2009,2011,2012,2013","1982,1986,1990,1997,2002,2004,2014",10000,fewer_than_10_winters_in_a_group,monthly_3_and_5_temperature_complete_snow_and_tmin,Windsor,Southwest,42.28,True,True
windsor,RONI,snow_days,El Nino,Neutral,16.63636364,24.14285714,-7.506493506,-13.71428571,-1.662337662,interval_excludes_zero,11,7,"1983,1987,1988,1991,1992,1995,1998,2003,2005,2007,2010","1982,1986,1990,1997,2002,2004,2014",10000,fewer_than_10_winters_in_a_group,monthly_3_and_5_temperature_complete_snow_and_tmin,Windsor,Southwest,42.28,True,True
windsor,RONI,snow_days,Strong El Nino,Neutral,11.75,24.14285714,-12.39285714,-19.46428571,-5.642857143,interval_excludes_zero,4,7,"1983,1987,1992,1998","1982,1986,1990,1997,2002,2004,2014",10000,fewer_than_10_winters_in_a_group,monthly_3_and_5_temperature_complete_snow_and_tmin,Windsor,Southwest,42.28,True,True
windsor,RONI,snow_days,El Nino,La Nina,16.63636364,21.69230769,-5.055944056,-9.112062937,-1.020979021,interval_excludes_zero,11,13,"1983,1987,1988,1991,1992,1995,1998,2003,2005,2007,2010","1984,1985,1989,1996,1999,2000,2001,2006,2008,2009,2011,2012,2013",10000,,monthly_3_and_5_temperature_complete_snow_and_tmin,Windsor,Southwest,42.28,True,True
windsor,RONI,snow_days,La Nina,Neutral,21.69230769,24.14285714,-2.450549451,-7.802197802,2.483516484,inconclusive,13,7,"1984,1985,1989,1996,1999,2000,2001,2006,2008,2009,2011,2012,2013","1982,1986,1990,1997,2002,2004,2014",10000,fewer_than_10_winters_in_a_group,monthly_3_and_5_temperature_complete_snow_and_tmin,Windsor,Southwest,42.28,True,True
windsor,RONI,days_below_m20,El Nino,Neutral,0.3333333333,2.375,-2.041666667,-4.166666667,-0.125,interval_excludes_zero,12,8,"1983,1987,1988,1991,1992,1995,1998,2003,2005,2007,2010,2019","1982,1986,1990,1997,2002,2004,2014,2020",10000,fewer_than_10_winters_in_a_group,monthly_3_and_5_temperature_complete_snow_and_tmin,Windsor,Southwest,42.28,True,True
windsor,RONI,days_below_m20,Strong El Nino,Neutral,0,2.375,-2.375,-4.5,-0.5,interval_excludes_zero,4,8,"1983,1987,1992,1998","1982,1986,1990,1997,2002,2004,2014,2020",10000,fewer_than_10_winters_in_a_group,monthly_3_and_5_temperature_complete_snow_and_tmin,Windsor,Southwest,42.28,True,True
windsor,RONI,days_below_m20,El Nino,La Nina,0.3333333333,1.176470588,-0.8431372549,-2.058823529,0.2549019608,inconclusive,12,17,"1983,1987,1988,1991,1992,1995,1998,2003,2005,2007,2010,2019","1984,1985,1989,1996,1999,2000,2001,2006,2008,2009,2011,2012,2013,2021,2022,2025,2026",10000,,monthly_3_and_5_temperature_complete_snow_and_tmin,Windsor,Southwest,42.28,True,True
windsor,RONI,days_below_m20,La Nina,Neutral,1.176470588,2.375,-1.198529412,-3.433823529,0.8823529412,inconclusive,17,8,"1984,1985,1989,1996,1999,2000,2001,2006,2008,2009,2011,2012,2013,2021,2022,2025,2026","1982,1986,1990,1997,2002,2004,2014,2020",10000,fewer_than_10_winters_in_a_group,monthly_3_and_5_temperature_complete_snow_and_tmin,Windsor,Southwest,42.28,True,True
