city,winter_year,expected_days,recorded_days,missing_calendar_days,valid_temperature_days,valid_snowfall_days,derived_temperature_days,temperature_pass,snowfall_pass,cold_days_pass,mean_temp,snowfall_total_cm,snow_days,days_below_m20,exclusion_reasons,baseline_mean_temp,baseline_n_winters,baseline_start_winter,baseline_end_winter,baseline_complete,baseline_status,temp_anomaly,winter_label,winter_start,winter_end,temperature_coverage_pct,snowfall_coverage_pct,derived_temperature_share_pct,quality_method,oni_djf,roni_djf,enso_class_oni,strong_el_nino_oni,enso_class_roni,strong_el_nino_roni,enso_index,enso_value,enso_class,strong_el_nino,temp_detrended_residual,city_name,region,latitude_approx,included_in_proposal,included_in_repo_study
london,1982,90,90,0,90,90,0,True,True,True,-7.013333333,191.3,36,12,,-4.079378907,29,1991,2020,False,partial_available_winter_average,-2.933954426,1981-82,1981-12-01,1982-02-28,100,100,0,monthly_3_and_5_temperature_complete_snow_and_tmin,0,0.1,Neutral,False,Neutral,False,ONI,0,Neutral,False,-2.320309723,London,Southwest,43.03,False,False
london,1983,90,90,0,90,90,0,True,True,True,-1.541111111,58.6,17,0,,-4.079378907,29,1991,2020,False,partial_available_winter_average,2.538267796,1982-83,1982-12-01,1983-02-28,100,100,0,monthly_3_and_5_temperature_complete_snow_and_tmin,2.1,2.4,El Nino,True,El Nino,True,ONI,2.1,El Nino,True,3.124878223,London,Southwest,43.03,False,False
london,1984,91,91,0,91,91,0,True,True,True,-6.012087912,162.2,31,12,,-4.079378907,29,1991,2020,False,partial_available_winter_average,-1.932709005,1983-84,1983-12-01,1984-02-29,100,100,0,monthly_3_and_5_temperature_complete_snow_and_tmin,-0.6,-0.6,La Nina,False,La Nina,False,ONI,-0.6,La Nina,False,-1.373132855,London,Southwest,43.03,False,False
london,1985,90,90,0,90,90,0,True,True,True,-4.86,215,39,7,,-4.079378907,29,1991,2020,False,partial_available_winter_average,-0.7806210927,1984-85,1984-12-01,1985-02-28,100,100,0,monthly_3_and_5_temperature_complete_snow_and_tmin,-1,-0.8,La Nina,False,La Nina,False,ONI,-1,La Nina,False,-0.2480792187,London,Southwest,43.03,False,False
london,1986,90,90,0,90,90,0,True,True,True,-5.732222222,186.6,42,2,,-4.079378907,29,1991,2020,False,partial_available_winter_average,-1.652843315,1985-86,1985-12-01,1986-02-28,100,100,0,monthly_3_and_5_temperature_complete_snow_and_tmin,-0.4,-0.3,Neutral,False,Neutral,False,ONI,-0.4,Neutral,False,-1.147335717,London,Southwest,43.03,False,False
london,1987,90,90,0,90,90,0,True,True,True,-4.05,119.8,25,2,,-4.079378907,29,1991,2020,False,partial_available_winter_average,0.02937890729,1986-87,1986-12-01,1987-02-28,100,100,0,monthly_3_and_5_temperature_complete_snow_and_tmin,1.2,1.5,El Nino,False,El Nino,True,ONI,1.2,El Nino,False,0.5078522288,London,Southwest,43.03,False,False
london,1988,91,91,0,91,91,0,True,True,True,-3.895604396,124.3,30,0,,-4.079378907,29,1991,2020,False,partial_available_winter_average,0.1837745117,1987-88,1987-12-01,1988-02-29,100,100,0,monthly_3_and_5_temperature_complete_snow_and_tmin,0.6,0.5,El Nino,False,El Nino,False,ONI,0.6,El Nino,False,0.635213557,London,Southwest,43.03,False,False
london,1989,90,90,0,90,90,0,True,True,True,-3.715555556,112.3,30,1,,-4.079378907,29,1991,2020,False,partial_available_winter_average,0.3638233517,1988-89,1988-12-01,1989-02-28,100,100,0,monthly_3_and_5_temperature_complete_snow_and_tmin,-1.6,-1.6,La Nina,False,La Nina,False,ONI,-1.6,La Nina,False,0.7882281208,London,Southwest,43.03,False,False
london,1990,90,90,0,90,90,0,True,True,True,-4.892222222,160.4,37,3,,-4.079378907,29,1991,2020,False,partial_available_winter_average,-0.8128433149,1989-90,1989-12-01,1990-02-28,100,100,0,monthly_3_and_5_temperature_complete_snow_and_tmin,0.2,0.3,Neutral,False,Neutral,False,ONI,0.2,Neutral,False,-0.4154728221,London,Southwest,43.03,False,False
london,1991,90,90,0,90,90,0,True,True,True,-3.223333333,152.4,36,0,,-4.079378907,29,1991,2020,False,partial_available_winter_average,0.856045574,1990-91,1990-12-01,1991-02-28,100,100,0,monthly_3_and_5_temperature_complete_snow_and_tmin,0.4,0.6,Neutral,False,El Nino,False,ONI,0.4,Neutral,False,1.226381791,London,Southwest,43.03,False,False
london,1992,91,91,0,91,91,0,True,True,True,-3.77032967,161.8,30,4,,-4.079378907,29,1991,2020,False,partial_available_winter_average,0.309049237,1991-92,1991-12-01,1992-02-29,100,100,0,monthly_3_and_5_temperature_complete_snow_and_tmin,1.5,2.1,El Nino,True,El Nino,True,ONI,1.5,El Nino,True,0.6523511774,London,Southwest,43.03,False,False
london,1993,90,71,19,71,71,0,False,False,False,,,,,temperature:monthly_3_and_5_failed;snow_metrics:incomplete_daily_snowfall;cold_days:incomplete_daily_tmin,-4.079378907,29,1991,2020,False,partial_available_winter_average,,1992-93,1992-12-01,1993-02-28,78.88888889,78.88888889,0,monthly_3_and_5_temperature_complete_snow_and_tmin,0.1,0.6,Neutral,False,El Nino,False,ONI,0.1,Neutral,False,,London,Southwest,43.03,False,False
london,1994,90,89,1,89,89,0,True,False,False,-7.637078652,,,,snow_metrics:incomplete_daily_snowfall;cold_days:incomplete_daily_tmin,-4.079378907,29,1991,2020,False,partial_available_winter_average,-3.557699744,1993-94,1993-12-01,1994-02-28,98.88888889,98.88888889,0,monthly_3_and_5_temperature_complete_snow_and_tmin,0.1,0.3,Neutral,False,Neutral,False,ONI,0.1,Neutral,False,-3.268466356,London,Southwest,43.03,False,False
london,1995,90,90,0,90,90,0,True,True,True,-3.556666667,116.6,19,1,,-4.079378907,29,1991,2020,False,partial_available_winter_average,0.5227122406,1994-95,1994-12-01,1995-02-28,100,100,0,monthly_3_and_5_temperature_complete_snow_and_tmin,0.9,1.2,El Nino,False,El Nino,False,ONI,0.9,El Nino,False,0.7849113524,London,Southwest,43.03,False,False
london,1996,91,91,0,91,91,0,True,True,True,-6.035164835,90.5,26,9,,-4.079378907,29,1991,2020,False,partial_available_winter_average,-1.955785928,1995-96,1995-12-01,1996-02-29,100,100,0,monthly_3_and_5_temperature_complete_snow_and_tmin,-0.9,-0.9,La Nina,False,La Nina,False,ONI,-0.9,La Nina,False,-1.720621092,London,Southwest,43.03,False,False
london,1997,90,90,0,90,90,0,True,True,True,-3.535555556,127.2,33,2,,-4.079378907,29,1991,2020,False,partial_available_winter_average,0.5438233517,1996-97,1996-12-01,1997-02-28,100,100,0,monthly_3_and_5_temperature_complete_snow_and_tmin,-0.4,-0.2,Neutral,False,Neutral,False,ONI,-0.4,Neutral,False,0.7519539111,London,Southwest,43.03,False,False
london,1998,90,90,0,90,90,0,True,True,True,-1.275555556,68.6,21,0,,-4.079378907,29,1991,2020,False,partial_available_winter_average,2.803823352,1997-98,1997-12-01,1998-02-28,100,100,0,monthly_3_and_5_temperature_complete_snow_and_tmin,2.2,2.1,El Nino,True,El Nino,True,ONI,2.2,El Nino,True,2.984919635,London,Southwest,43.03,False,False
london,1999,90,90,0,90,90,0,True,True,True,-2.683333333,125.7,24,4,,-4.079378907,29,1991,2020,False,partial_available_winter_average,1.396045574,1998-99,1998-12-01,1999-02-28,100,100,0,monthly_3_and_5_temperature_complete_snow_and_tmin,-1.5,-1.6,La Nina,False,La Nina,False,ONI,-1.5,La Nina,False,1.550107581,London,Southwest,43.03,False,False
london,2000,91,91,0,91,91,0,True,True,True,-3.49010989,106.7,32,3,,-4.079378907,29,1991,2020,False,partial_available_winter_average,0.5892690172,1999-00,1999-12-01,2000-02-29,100,100,0,monthly_3_and_5_temperature_complete_snow_and_tmin,-1.5,-1.5,La Nina,False,La Nina,False,ONI,-1.5,La Nina,False,0.7162967479,London,Southwest,43.03,False,False
london,2001,90,90,0,90,90,0,True,True,True,-5.653333333,203.5,41,2,,-4.079378907,29,1991,2020,False,partial_available_winter_average,-1.573954426,2000-01,2000-12-01,2001-02-28,100,100,0,monthly_3_and_5_temperature_complete_snow_and_tmin,-0.8,-0.8,La Nina,False,La Nina,False,ONI,-0.8,La Nina,False,-1.473960972,London,Southwest,43.03,False,False
london,2002,90,90,0,90,90,0,True,True,True,-0.91,106.4,27,0,,-4.079378907,29,1991,2020,False,partial_available_winter_average,3.169378907,2001-02,2001-12-01,2002-02-28,100,100,0,monthly_3_and_5_temperature_complete_snow_and_tmin,-0.1,-0.2,Neutral,False,Neutral,False,ONI,-0.1,Neutral,False,3.242338086,London,Southwest,43.03,False,False
london,2003,90,90,0,90,90,0,True,True,True,-6.452222222,229.7,48,6,,-4.079378907,29,1991,2020,False,partial_available_winter_average,-2.372843315,2002-03,2002-12-01,2003-02-28,100,100,0,monthly_3_and_5_temperature_complete_snow_and_tmin,0.9,0.9,El Nino,False,El Nino,False,ONI,0.9,El Nino,False,-2.326918413,London,Southwest,43.03,False,False
london,2004,91,91,0,91,0,0,True,False,True,-5.030769231,,,7,snow_metrics:incomplete_daily_snowfall,-4.079378907,29,1991,2020,False,partial_available_winter_average,-0.9513903235,2003-04,2003-12-01,2004-02-29,100,0,0,monthly_3_and_5_temperature_complete_snow_and_tmin,0.3,0.2,Neutral,False,Neutral,False,ONI,0.3,Neutral,False,-0.9324996976,London,Southwest,43.03,False,False
london,2005,90,90,0,90,0,0,True,False,True,-5.14,,,10,snow_metrics:incomplete_daily_snowfall,-4.079378907,29,1991,2020,False,partial_available_winter_average,-1.060621093,2004-05,2004-12-01,2005-02-28,100,0,0,monthly_3_and_5_temperature_complete_snow_and_tmin,0.6,0.5,El Nino,False,El Nino,False,ONI,0.6,El Nino,False,-1.068764743,London,Southwest,43.03,False,False
london,2006,90,90,0,90,0,0,True,False,True,-2.736666667,,,0,snow_metrics:incomplete_daily_snowfall,-4.079378907,29,1991,2020,False,partial_available_winter_average,1.342712241,2005-06,2005-12-01,2006-02-28,100,0,0,monthly_3_and_5_temperature_complete_snow_and_tmin,-0.9,-0.9,La Nina,False,La Nina,False,ONI,-0.9,La Nina,False,1.307534314,London,Southwest,43.03,False,False
london,2007,90,90,0,90,0,0,True,False,True,-3.402222222,,,1,snow_metrics:incomplete_daily_snowfall,-4.079378907,29,1991,2020,False,partial_available_winter_average,0.6771566851,2006-07,2006-12-01,2007-02-28,100,0,0,monthly_3_and_5_temperature_complete_snow_and_tmin,0.6,0.6,El Nino,False,El Nino,False,ONI,0.6,El Nino,False,0.6149444822,London,Southwest,43.03,False,False
london,2008,91,91,0,91,0,0,True,False,True,-3.851648352,,,1,snow_metrics:incomplete_daily_snowfall,-4.079378907,29,1991,2020,False,partial_available_winter_average,0.2277305556,2007-08,2007-12-01,2008-02-29,100,0,0,monthly_3_and_5_temperature_complete_snow_and_tmin,-1.8,-1.7,La Nina,False,La Nina,False,ONI,-1.8,La Nina,False,0.1384840766,London,Southwest,43.03,False,False
london,2009,90,90,0,90,0,0,True,False,True,-5.703333333,,,6,snow_metrics:incomplete_daily_snowfall,-4.079378907,29,1991,2020,False,partial_available_winter_average,-1.623954426,2008-09,2008-12-01,2009-02-28,100,0,0,monthly_3_and_5_temperature_complete_snow_and_tmin,-0.9,-1,La Nina,False,La Nina,False,ONI,-0.9,La Nina,False,-1.740235181,London,Southwest,43.03,False,False
london,2010,90,90,0,90,0,0,True,False,True,-4.264444444,,,2,snow_metrics:incomplete_daily_snowfall,-4.079378907,29,1991,2020,False,partial_available_winter_average,-0.1850655372,2009-10,2009-12-01,2010-02-28,100,0,0,monthly_3_and_5_temperature_complete_snow_and_tmin,1.5,1.4,El Nino,True,El Nino,False,ONI,1.5,El Nino,True,-0.3283805686,London,Southwest,43.03,False,False
london,2011,90,90,0,90,0,0,True,False,True,-6.334444444,,,3,snow_metrics:incomplete_daily_snowfall,-4.079378907,29,1991,2020,False,partial_available_winter_average,-2.255065537,2010-11,2010-12-01,2011-02-28,100,0,0,monthly_3_and_5_temperature_complete_snow_and_tmin,-1.3,-1.4,La Nina,False,La Nina,False,ONI,-1.3,La Nina,False,-2.425414845,London,Southwest,43.03,False,False
london,2012,91,91,0,91,0,0,True,False,True,-1.189010989,,,1,snow_metrics:incomplete_daily_snowfall,-4.079378907,29,1991,2020,False,partial_available_winter_average,2.890367918,2011-12,2011-12-01,2012-02-29,100,0,0,monthly_3_and_5_temperature_complete_snow_and_tmin,-0.7,-0.8,La Nina,False,La Nina,False,ONI,-0.7,La Nina,False,2.692984334,London,Southwest,43.03,False,False
london,2013,90,90,0,90,0,0,True,False,True,-2.826666667,,,0,snow_metrics:incomplete_daily_snowfall,-4.079378907,29,1991,2020,False,partial_available_winter_average,1.252712241,2012-13,2012-12-01,2013-02-28,100,0,0,monthly_3_and_5_temperature_complete_snow_and_tmin,-0.2,-0.5,Neutral,False,La Nina,False,ONI,-0.2,Neutral,False,1.02829438,London,Southwest,43.03,False,False
london,2014,90,90,0,90,0,0,True,False,True,-8.082222222,,,17,snow_metrics:incomplete_daily_snowfall,-4.079378907,29,1991,2020,False,partial_available_winter_average,-4.002843315,2013-14,2013-12-01,2014-02-28,100,0,0,monthly_3_and_5_temperature_complete_snow_and_tmin,-0.2,-0.4,Neutral,False,Neutral,False,ONI,-0.2,Neutral,False,-4.254295451,London,Southwest,43.03,False,False
london,2015,90,90,0,90,0,0,True,False,True,-7.412222222,,,17,snow_metrics:incomplete_daily_snowfall,-4.079378907,29,1991,2020,False,partial_available_winter_average,-3.332843315,2014-15,2014-12-01,2015-02-28,100,0,0,monthly_3_and_5_temperature_complete_snow_and_tmin,0.7,0.5,El Nino,False,El Nino,False,ONI,0.7,El Nino,False,-3.611329727,London,Southwest,43.03,False,False
london,2016,91,91,0,91,0,0,True,False,True,-1.297802198,,,2,snow_metrics:incomplete_daily_snowfall,-4.079378907,29,1991,2020,False,partial_available_winter_average,2.781576709,2015-16,2015-12-01,2016-02-29,100,0,0,monthly_3_and_5_temperature_complete_snow_and_tmin,2.5,2.1,El Nino,True,El Nino,True,ONI,2.5,El Nino,True,2.476056021,London,Southwest,43.03,False,False
london,2017,90,90,0,89,0,0,True,False,False,-1.75505618,,,,snow_metrics:incomplete_daily_snowfall;cold_days:incomplete_daily_tmin,-4.079378907,29,1991,2020,False,partial_available_winter_average,2.324322728,2016-17,2016-12-01,2017-02-28,98.88888889,0,0,monthly_3_and_5_temperature_complete_snow_and_tmin,-0.1,-0.6,Neutral,False,La Nina,False,ONI,-0.1,Neutral,False,1.991767763,London,Southwest,43.03,False,False
london,2018,90,90,0,90,0,0,True,False,True,-5.108888889,,,8,snow_metrics:incomplete_daily_snowfall,-4.079378907,29,1991,2020,False,partial_available_winter_average,-1.029509982,2017-18,2017-12-01,2018-02-28,100,0,0,monthly_3_and_5_temperature_complete_snow_and_tmin,-0.7,-1.1,La Nina,False,La Nina,False,ONI,-0.7,La Nina,False,-1.389099223,London,Southwest,43.03,False,False
london,2019,90,90,0,90,0,0,True,False,True,-4.095555556,,,9,snow_metrics:incomplete_daily_snowfall,-4.079378907,29,1991,2020,False,partial_available_winter_average,-0.01617664827,2018-19,2018-12-01,2019-02-28,100,0,0,monthly_3_and_5_temperature_complete_snow_and_tmin,1,0.7,El Nino,False,El Nino,False,ONI,1,El Nino,False,-0.4028001657,London,Southwest,43.03,False,False
london,2020,91,91,0,91,0,0,True,False,True,-1.848351648,,,0,snow_metrics:incomplete_daily_snowfall,-4.079378907,29,1991,2020,False,partial_available_winter_average,2.231027259,2019-20,2019-12-01,2020-02-29,100,0,0,monthly_3_and_5_temperature_complete_snow_and_tmin,0.7,0.1,El Nino,False,Neutral,False,ONI,0.7,El Nino,False,1.817369465,London,Southwest,43.03,False,False
london,2021,90,90,0,90,0,0,True,False,True,-3.452222222,,,2,snow_metrics:incomplete_daily_snowfall,-4.079378907,29,1991,2020,False,partial_available_winter_average,0.6271566851,2020-21,2020-12-01,2021-02-28,100,0,0,monthly_3_and_5_temperature_complete_snow_and_tmin,-1,-1.3,La Nina,False,La Nina,False,ONI,-1,La Nina,False,0.1864646152,London,Southwest,43.03,False,False
london,2022,90,90,0,90,0,0,True,False,True,-4.321111111,,,6,snow_metrics:incomplete_daily_snowfall,-4.079378907,29,1991,2020,False,partial_available_winter_average,-0.2417322038,2021-22,2021-12-01,2022-02-28,100,0,0,monthly_3_and_5_temperature_complete_snow_and_tmin,-0.8,-1.2,La Nina,False,La Nina,False,ONI,-0.8,La Nina,False,-0.7094585499,London,Southwest,43.03,False,False
london,2023,90,89,1,89,0,0,True,False,False,-1.203370787,,,,snow_metrics:incomplete_daily_snowfall;cold_days:incomplete_daily_tmin,-4.079378907,29,1991,2020,False,partial_available_winter_average,2.876008121,2022-23,2022-12-01,2023-02-28,98.88888889,0,0,monthly_3_and_5_temperature_complete_snow_and_tmin,-0.5,-0.9,La Nina,False,La Nina,False,ONI,-0.5,La Nina,False,2.381247498,London,Southwest,43.03,False,False
london,2024,91,91,0,91,0,0,True,False,True,-0.1912087912,,,0,snow_metrics:incomplete_daily_snowfall,-4.079378907,29,1991,2020,False,partial_available_winter_average,3.888170116,2023-24,2023-12-01,2024-02-29,100,0,0,monthly_3_and_5_temperature_complete_snow_and_tmin,1.8,1.1,El Nino,True,El Nino,False,ONI,1.8,El Nino,True,3.366375218,London,Southwest,43.03,False,False
london,2025,90,90,0,90,0,0,True,False,True,-4.828888889,,,2,snow_metrics:incomplete_daily_snowfall,-4.079378907,29,1991,2020,False,partial_available_winter_average,-0.7495099816,2024-25,2024-12-01,2025-02-28,100,0,0,monthly_3_and_5_temperature_complete_snow_and_tmin,-0.5,-1.1,La Nina,False,La Nina,False,ONI,-0.5,La Nina,False,-1.298339156,London,Southwest,43.03,False,False
london,2026,90,90,0,90,0,0,True,False,True,-6.015555556,,,7,snow_metrics:incomplete_daily_snowfall,-4.079378907,29,1991,2020,False,partial_available_winter_average,-1.936176648,2025-26,2025-12-01,2026-02-28,100,0,0,monthly_3_and_5_temperature_complete_snow_and_tmin,-0.4,-0.9,Neutral,False,La Nina,False,ONI,-0.4,Neutral,False,-2.512040099,London,Southwest,43.03,False,False
ottawa,1982,90,90,0,90,90,0,True,True,True,-9.943333333,134.7,26,19,,-7.823252838,28,1991,2020,False,partial_available_winter_average,-2.120080495,1981-82,1981-12-01,1982-02-28,100,100,0,monthly_3_and_5_temperature_complete_snow_and_tmin,0,0.1,Neutral,False,Neutral,False,ONI,0,Neutral,False,-1.479177661,Ottawa,East,45.32,True,True
ottawa,1983,90,90,0,90,90,0,True,True,True,-6.262222222,85.2,20,14,,-7.823252838,28,1991,2020,False,partial_available_winter_average,1.561030616,1982-83,1982-12-01,1983-02-28,100,100,0,monthly_3_and_5_temperature_complete_snow_and_tmin,2.1,2.4,El Nino,True,El Nino,True,ONI,2.1,El Nino,True,2.175343678,Ottawa,East,45.32,True,True
ottawa,1984,91,91,0,91,91,0,True,True,True,-8.649450549,180.1,27,21,,-7.823252838,28,1991,2020,False,partial_available_winter_average,-0.826197711,1983-84,1983-12-01,1984-02-29,100,100,0,monthly_3_and_5_temperature_complete_snow_and_tmin,-0.6,-0.6,La Nina,False,La Nina,False,ONI,-0.6,La Nina,False,-0.2384744216,Ottawa,East,45.32,True,True
ottawa,1985,90,90,0,90,90,0,True,True,True,-8.668888889,168.1,33,14,,-7.823252838,28,1991,2020,False,partial_available_winter_average,-0.8456360505,1984-85,1984-12-01,1985-02-28,100,100,0,monthly_3_and_5_temperature_complete_snow_and_tmin,-1,-0.8,La Nina,False,La Nina,False,ONI,-1,La Nina,False,-0.2845025334,Ottawa,East,45.32,True,True
ottawa,1986,90,90,0,90,90,0,True,True,True,-9.462222222,113.8,29,20,,-7.823252838,28,1991,2020,False,partial_available_winter_average,-1.638969384,1985-86,1985-12-01,1986-02-28,100,100,0,monthly_3_and_5_temperature_complete_snow_and_tmin,-0.4,-0.3,Neutral,False,Neutral,False,ONI,-0.4,Neutral,False,-1.104425639,Ottawa,East,45.32,True,True
ottawa,1987,90,90,0,90,90,0,True,True,True,-7.81,115.4,22,14,,-7.823252838,28,1991,2020,False,partial_available_winter_average,0.01325283843,1986-87,1986-12-01,1987-02-28,100,100,0,monthly_3_and_5_temperature_complete_snow_and_tmin,1.2,1.5,El Nino,False,El Nino,True,ONI,1.2,El Nino,False,0.5212068107,Ottawa,East,45.32,True,True
ottawa,1988,91,91,0,91,91,0,True,True,True,-7.415384615,158.6,35,16,,-7.823252838,28,1991,2020,False,partial_available_winter_average,0.407868223,1987-88,1987-12-01,1988-02-29,100,100,0,monthly_3_and_5_temperature_complete_snow_and_tmin,0.6,0.5,El Nino,False,El Nino,False,ONI,0.6,El Nino,False,0.8892324229,Ottawa,East,45.32,True,True
ottawa,1989,90,90,0,90,90,0,True,True,True,-8.566666667,129.8,30,17,,-7.823252838,28,1991,2020,False,partial_available_winter_average,-0.7434138282,1988-89,1988-12-01,1989-02-28,100,100,0,monthly_3_and_5_temperature_complete_snow_and_tmin,-1.6,-1.6,La Nina,False,La Nina,False,ONI,-1.6,La Nina,False,-0.2886394007,Ottawa,East,45.32,True,True
ottawa,1990,90,90,0,90,90,0,True,True,True,-9.478888889,168.6,34,22,,-7.823252838,28,1991,2020,False,partial_available_winter_average,-1.65563605,1989-90,1989-12-01,1990-02-28,100,100,0,monthly_3_and_5_temperature_complete_snow_and_tmin,0.2,0.3,Neutral,False,Neutral,False,ONI,0.2,Neutral,False,-1.227451395,Ottawa,East,45.32,True,True
ottawa,1991,90,90,0,90,90,0,True,True,True,-7.434444444,153.4,29,13,,-7.823252838,28,1991,2020,False,partial_available_winter_average,0.388808394,1990-91,1990-12-01,1991-02-28,100,100,0,monthly_3_and_5_temperature_complete_snow_and_tmin,0.4,0.6,Neutral,False,El Nino,False,ONI,0.4,Neutral,False,0.7904032767,Ottawa,East,45.32,True,True
ottawa,1992,91,91,0,91,91,0,True,True,True,-9.68021978,191.8,31,19,,-7.823252838,28,1991,2020,False,partial_available_winter_average,-1.856966942,1991-92,1991-12-01,1992-02-29,100,100,0,monthly_3_and_5_temperature_complete_snow_and_tmin,1.5,2.1,El Nino,True,El Nino,True,ONI,1.5,El Nino,True,-1.481961831,Ottawa,East,45.32,True,True
ottawa,1993,90,74,16,74,74,0,False,False,False,,,,,temperature:monthly_3_and_5_failed;snow_metrics:incomplete_daily_snowfall;cold_days:incomplete_daily_tmin,-7.823252838,28,1991,2020,False,partial_available_winter_average,,1992-93,1992-12-01,1993-02-28,82.22222222,82.22222222,0,monthly_3_and_5_temperature_complete_snow_and_tmin,0.1,0.6,Neutral,False,El Nino,False,ONI,0.1,Neutral,False,,Ottawa,East,45.32,True,True
ottawa,1994,90,82,8,82,82,0,False,False,False,,,,,temperature:monthly_3_and_5_failed;snow_metrics:incomplete_daily_snowfall;cold_days:incomplete_daily_tmin,-7.823252838,28,1991,2020,False,partial_available_winter_average,,1993-94,1993-12-01,1994-02-28,91.11111111,91.11111111,0,monthly_3_and_5_temperature_complete_snow_and_tmin,0.1,0.3,Neutral,False,Neutral,False,ONI,0.1,Neutral,False,,Ottawa,East,45.32,True,True
ottawa,1995,90,90,0,90,90,0,True,True,True,-7.183333333,124.4,28,13,,-7.823252838,28,1991,2020,False,partial_available_winter_average,0.6399195051,1994-95,1994-12-01,1995-02-28,100,100,0,monthly_3_and_5_temperature_complete_snow_and_tmin,0.9,1.2,El Nino,False,El Nino,False,ONI,0.9,El Nino,False,0.9351552983,Ottawa,East,45.32,True,True
ottawa,1996,91,91,0,91,91,0,True,True,True,-10.06923077,161,29,23,,-7.823252838,28,1991,2020,False,partial_available_winter_average,-2.245977931,1995-96,1995-12-01,1996-02-29,100,100,0,monthly_3_and_5_temperature_complete_snow_and_tmin,-0.9,-0.9,La Nina,False,La Nina,False,ONI,-0.9,La Nina,False,-1.97733191,Ottawa,East,45.32,True,True
ottawa,1997,90,90,0,90,90,0,True,True,True,-7.49,197.4,40,18,,-7.823252838,28,1991,2020,False,partial_available_winter_average,0.3332528384,1996-97,1996-12-01,1997-02-28,100,100,0,monthly_3_and_5_temperature_complete_snow_and_tmin,-0.4,-0.2,Neutral,False,Neutral,False,ONI,-0.4,Neutral,False,0.5753090868,Ottawa,East,45.32,True,True
ottawa,1998,90,90,0,90,90,0,True,True,True,-6.07,122.2,24,5,,-7.823252838,28,1991,2020,False,partial_available_winter_average,1.753252838,1997-98,1997-12-01,1998-02-28,100,100,0,monthly_3_and_5_temperature_complete_snow_and_tmin,2.2,2.1,El Nino,True,El Nino,True,ONI,2.2,El Nino,True,1.968719314,Ottawa,East,45.32,True,True
ottawa,1999,90,90,0,90,90,0,True,True,True,-6.385555556,138.2,31,12,,-7.823252838,28,1991,2020,False,partial_available_winter_average,1.437697283,1998-99,1998-12-01,1999-02-28,100,100,0,monthly_3_and_5_temperature_complete_snow_and_tmin,-1.5,-1.6,La Nina,False,La Nina,False,ONI,-1.5,La Nina,False,1.626573987,Ottawa,East,45.32,True,True
ottawa,2000,91,91,0,91,91,0,True,True,True,-7.223076923,136.6,30,16,,-7.823252838,28,1991,2020,False,partial_available_winter_average,0.6001759154,1999-00,1999-12-01,2000-02-29,100,100,0,monthly_3_and_5_temperature_complete_snow_and_tmin,-1.5,-1.5,La Nina,False,La Nina,False,ONI,-1.5,La Nina,False,0.7624628466,Ottawa,East,45.32,True,True
ottawa,2001,90,90,0,90,90,0,True,True,True,-9.528888889,216.6,38,13,,-7.823252838,28,1991,2020,False,partial_available_winter_average,-1.70563605,2000-01,2000-12-01,2001-02-28,100,100,0,monthly_3_and_5_temperature_complete_snow_and_tmin,-0.8,-0.8,La Nina,False,La Nina,False,ONI,-0.8,La Nina,False,-1.569938892,Ottawa,East,45.32,True,True
ottawa,2002,90,90,0,90,90,0,True,True,True,-4.004444444,121.2,21,1,,-7.823252838,28,1991,2020,False,partial_available_winter_average,3.818808394,2001-02,2001-12-01,2002-02-28,100,100,0,monthly_3_and_5_temperature_complete_snow_and_tmin,-0.1,-0.2,Neutral,False,Neutral,False,ONI,-0.1,Neutral,False,3.92791578,Ottawa,East,45.32,True,True
ottawa,2003,90,90,0,90,90,0,True,True,True,-10.30111111,114.6,25,26,,-7.823252838,28,1991,2020,False,partial_available_winter_average,-2.477858273,2002-03,2002-12-01,2003-02-28,100,100,0,monthly_3_and_5_temperature_complete_snow_and_tmin,0.9,0.9,El Nino,False,El Nino,False,ONI,0.9,El Nino,False,-2.395340659,Ottawa,East,45.32,True,True
ottawa,2004,91,91,0,91,91,0,True,True,True,-9.664835165,124.6,28,19,,-7.823252838,28,1991,2020,False,partial_available_winter_average,-1.841582326,2003-04,2003-12-01,2004-02-29,100,100,0,monthly_3_and_5_temperature_complete_snow_and_tmin,0.3,0.2,Neutral,False,Neutral,False,ONI,0.3,Neutral,False,-1.785654485,Ottawa,East,45.32,True,True
ottawa,2005,90,90,0,90,90,0,True,True,True,-9.096666667,144.5,31,15,,-7.823252838,28,1991,2020,False,partial_available_winter_average,-1.273413828,2004-05,2004-12-01,2005-02-28,100,100,0,monthly_3_and_5_temperature_complete_snow_and_tmin,0.6,0.5,El Nino,False,El Nino,False,ONI,0.6,El Nino,False,-1.244075759,Ottawa,East,45.32,True,True
ottawa,2006,90,90,0,90,90,0,True,True,True,-6.626666667,180.1,37,5,,-7.823252838,28,1991,2020,False,partial_available_winter_average,1.196586172,2005-06,2005-12-01,2006-02-28,100,100,0,monthly_3_and_5_temperature_complete_snow_and_tmin,-0.9,-0.9,La Nina,False,La Nina,False,ONI,-0.9,La Nina,False,1.199334469,Ottawa,East,45.32,True,True
ottawa,2007,90,90,0,90,90,0,True,True,True,-6.745555556,89.6,25,15,,-7.823252838,28,1991,2020,False,partial_available_winter_average,1.077697283,2006-07,2006-12-01,2007-02-28,100,100,0,monthly_3_and_5_temperature_complete_snow_and_tmin,0.6,0.6,El Nino,False,El Nino,False,ONI,0.6,El Nino,False,1.053855807,Ottawa,East,45.32,True,True
ottawa,2008,91,91,0,91,91,0,True,True,True,-7.452747253,253.3,42,11,,-7.823252838,28,1991,2020,False,partial_available_winter_average,0.3705055857,2007-08,2007-12-01,2008-02-29,100,100,0,monthly_3_and_5_temperature_complete_snow_and_tmin,-1.8,-1.7,La Nina,False,La Nina,False,ONI,-1.8,La Nina,False,0.3200743379,Ottawa,East,45.32,True,True
ottawa,2009,90,90,0,90,90,0,True,True,True,-9.641111111,181.4,29,19,,-7.823252838,28,1991,2020,False,partial_available_winter_average,-1.817858273,2008-09,2008-12-01,2009-02-28,100,100,0,monthly_3_and_5_temperature_complete_snow_and_tmin,-0.9,-1,La Nina,False,La Nina,False,ONI,-0.9,La Nina,False,-1.894879293,Ottawa,East,45.32,True,True
ottawa,2010,90,90,0,90,90,0,True,True,True,-6.493333333,130.2,26,6,,-7.823252838,28,1991,2020,False,partial_available_winter_average,1.329919505,2009-10,2009-12-01,2010-02-28,100,100,0,monthly_3_and_5_temperature_complete_snow_and_tmin,1.5,1.4,El Nino,True,El Nino,False,ONI,1.5,El Nino,True,1.226308712,Ottawa,East,45.32,True,True
ottawa,2011,90,90,0,90,90,0,True,True,True,-8.13,127.7,33,8,,-7.823252838,28,1991,2020,False,partial_available_winter_average,-0.3067471616,2010-11,2010-12-01,2011-02-28,100,100,0,monthly_3_and_5_temperature_complete_snow_and_tmin,-1.3,-1.4,La Nina,False,La Nina,False,ONI,-1.3,La Nina,False,-0.4369477266,Ottawa,East,45.32,True,True
ottawa,2012,91,91,0,91,88,0,True,False,True,-5.896703297,,,9,snow_metrics:incomplete_daily_snowfall,-7.823252838,28,1991,2020,False,partial_available_winter_average,1.926549542,2011-12,2011-12-01,2012-02-29,100,96.7032967,0,monthly_3_and_5_temperature_complete_snow_and_tmin,-0.7,-0.8,La Nina,False,La Nina,False,ONI,-0.7,La Nina,False,1.769759204,Ottawa,East,45.32,True,True
ottawa,2013,90,88,2,88,88,0,True,False,False,-7.556818182,,,,snow_metrics:incomplete_daily_snowfall;cold_days:incomplete_daily_tmin,-7.823252838,28,1991,2020,False,partial_available_winter_average,0.2664346566,2012-13,2012-12-01,2013-02-28,97.77777778,97.77777778,0,monthly_3_and_5_temperature_complete_snow_and_tmin,-0.2,-0.5,Neutral,False,La Nina,False,ONI,-0.2,Neutral,False,0.08305454686,Ottawa,East,45.32,True,True
ottawa,2014,90,90,0,90,89,0,True,False,True,-10.55222222,,,27,snow_metrics:incomplete_daily_snowfall,-7.823252838,28,1991,2020,False,partial_available_winter_average,-2.728969384,2013-14,2013-12-01,2014-02-28,100,98.88888889,0,monthly_3_and_5_temperature_complete_snow_and_tmin,-0.2,-0.4,Neutral,False,Neutral,False,ONI,-0.2,Neutral,False,-2.938939266,Ottawa,East,45.32,True,True
ottawa,2015,90,90,0,90,90,0,True,True,True,-11.13777778,149.2,30,36,,-7.823252838,28,1991,2020,False,partial_available_winter_average,-3.314524939,2014-15,2014-12-01,2015-02-28,100,100,0,monthly_3_and_5_temperature_complete_snow_and_tmin,0.7,0.5,El Nino,False,El Nino,False,ONI,0.7,El Nino,False,-3.551084594,Ottawa,East,45.32,True,True
ottawa,2016,91,91,0,91,91,0,True,True,True,-4.868131868,161.5,28,8,,-7.823252838,28,1991,2020,False,partial_available_winter_average,2.95512097,2015-16,2015-12-01,2016-02-29,100,100,0,monthly_3_and_5_temperature_complete_snow_and_tmin,2.5,2.1,El Nino,True,El Nino,True,ONI,2.5,El Nino,True,2.691971543,Ottawa,East,45.32,True,True
ottawa,2017,90,90,0,90,90,0,True,True,True,-5.644444444,215.8,36,10,,-7.823252838,28,1991,2020,False,partial_available_winter_average,2.178808394,2016-17,2016-12-01,2017-02-28,100,100,0,monthly_3_and_5_temperature_complete_snow_and_tmin,-0.1,-0.6,Neutral,False,La Nina,False,ONI,-0.1,Neutral,False,1.889069195,Ottawa,East,45.32,True,True
ottawa,2018,90,90,0,90,90,2,True,True,True,-8.637777778,168.2,29,23,,-7.823252838,28,1991,2020,False,partial_available_winter_average,-0.8145249393,2017-18,2017-12-01,2018-02-28,100,100,2.222222222,monthly_3_and_5_temperature_complete_snow_and_tmin,-0.7,-1.1,La Nina,False,La Nina,False,ONI,-0.7,La Nina,False,-1.130853911,Ottawa,East,45.32,True,True
ottawa,2019,90,90,0,90,90,0,True,True,True,-9.374444444,197.6,32,17,,-7.823252838,28,1991,2020,False,partial_available_winter_average,-1.551191606,2018-19,2018-12-01,2019-02-28,100,100,0,monthly_3_and_5_temperature_complete_snow_and_tmin,1,0.7,El Nino,False,El Nino,False,ONI,1,El Nino,False,-1.89411035,Ottawa,East,45.32,True,True
ottawa,2020,91,91,0,91,91,0,True,True,True,-6.161538462,161.1,26,9,,-7.823252838,28,1991,2020,False,partial_available_winter_average,1.661714377,2019-20,2019-12-01,2020-02-29,100,100,0,monthly_3_and_5_temperature_complete_snow_and_tmin,0.7,0.1,El Nino,False,Neutral,False,ONI,0.7,El Nino,False,1.29220586,Ottawa,East,45.32,True,True
ottawa,2021,90,90,0,86,90,0,True,True,False,-6.252325581,141.2,25,,cold_days:incomplete_daily_tmin,-7.823252838,28,1991,2020,False,partial_available_winter_average,1.570927257,2020-21,2020-12-01,2021-02-28,95.55555556,100,0,monthly_3_and_5_temperature_complete_snow_and_tmin,-1,-1.3,La Nina,False,La Nina,False,ONI,-1,La Nina,False,1.174828968,Ottawa,East,45.32,True,True
ottawa,2022,90,90,0,89,90,0,True,True,False,-9.316853933,150.9,23,,cold_days:incomplete_daily_tmin,-7.823252838,28,1991,2020,False,partial_available_winter_average,-1.493601094,2021-22,2021-12-01,2022-02-28,98.88888889,100,0,monthly_3_and_5_temperature_complete_snow_and_tmin,-0.8,-1.2,La Nina,False,La Nina,False,ONI,-0.8,La Nina,False,-1.916289155,Ottawa,East,45.32,True,True
ottawa,2023,90,90,0,89,90,0,True,True,False,-5.459550562,268.7,34,,cold_days:incomplete_daily_tmin,-7.823252838,28,1991,2020,False,partial_available_winter_average,2.363702277,2022-23,2022-12-01,2023-02-28,98.88888889,100,0,monthly_3_and_5_temperature_complete_snow_and_tmin,-0.5,-0.9,La Nina,False,La Nina,False,ONI,-0.5,La Nina,False,1.914424443,Ottawa,East,45.32,True,True
ottawa,2024,91,91,0,91,91,0,True,True,True,-4.065934066,97.3,19,0,,-7.823252838,28,1991,2020,False,partial_available_winter_average,3.757318772,2023-24,2023-12-01,2024-02-29,100,100,0,monthly_3_and_5_temperature_complete_snow_and_tmin,1.8,1.1,El Nino,True,El Nino,False,ONI,1.8,El Nino,True,3.281451167,Ottawa,East,45.32,True,True
ottawa,2025,90,90,0,90,90,0,True,True,True,-8.221111111,207.6,33,7,,-7.823252838,28,1991,2020,False,partial_available_winter_average,-0.3978582727,2024-25,2024-12-01,2025-02-28,100,100,0,monthly_3_and_5_temperature_complete_snow_and_tmin,-0.5,-1.1,La Nina,False,La Nina,False,ONI,-0.5,La Nina,False,-0.9003156511,Ottawa,East,45.32,True,True
ottawa,2026,90,90,0,89,90,0,True,True,False,-9.62247191,184.5,37,,cold_days:incomplete_daily_tmin,-7.823252838,28,1991,2020,False,partial_available_winter_average,-1.799219072,2025-26,2025-12-01,2026-02-28,98.88888889,100,0,monthly_3_and_5_temperature_complete_snow_and_tmin,-0.4,-0.9,Neutral,False,La Nina,False,ONI,-0.4,Neutral,False,-2.328266222,Ottawa,East,45.32,True,True
sudbury,1982,90,90,0,90,90,0,True,True,True,-13.14,210.3,37,37,,-10.53780024,29,1991,2020,False,partial_available_winter_average,-2.602199763,1981-82,1981-12-01,1982-02-28,100,100,0,monthly_3_and_5_temperature_complete_snow_and_tmin,0,0.1,Neutral,False,Neutral,False,ONI,0,Neutral,False,-2.058341147,Sudbury,Northeast,46.63,False,True
sudbury,1983,90,90,0,90,90,0,True,True,True,-8.703333333,116.8,28,24,,-10.53780024,29,1991,2020,False,partial_available_winter_average,1.834466904,1982-83,1982-12-01,1983-02-28,100,100,0,monthly_3_and_5_temperature_complete_snow_and_tmin,2.1,2.4,El Nino,True,El Nino,True,ONI,2.1,El Nino,True,2.363281139,Sudbury,Northeast,46.63,False,True
sudbury,1984,91,91,0,91,91,0,True,True,True,-12.13956044,196,39,39,,-10.53780024,29,1991,2020,False,partial_available_winter_average,-1.601760202,1983-84,1983-12-01,1984-02-29,100,100,0,monthly_3_and_5_temperature_complete_snow_and_tmin,-0.6,-0.6,La Nina,False,La Nina,False,ONI,-0.6,La Nina,False,-1.087990349,Sudbury,Northeast,46.63,False,True
sudbury,1985,90,89,1,89,89,0,True,False,False,-11.45505618,,,,snow_metrics:incomplete_daily_snowfall;cold_days:incomplete_daily_tmin,-10.53780024,29,1991,2020,False,partial_available_winter_average,-0.9172559424,1984-85,1984-12-01,1985-02-28,98.88888889,98.88888889,0,monthly_3_and_5_temperature_complete_snow_and_tmin,-1,-0.8,La Nina,False,La Nina,False,ONI,-1,La Nina,False,-0.4185304701,Sudbury,Northeast,46.63,False,True
sudbury,1986,90,90,0,90,90,0,True,True,True,-12.87333333,163.1,29,37,,-10.53780024,29,1991,2020,False,partial_available_winter_average,-2.335533096,1985-86,1985-12-01,1986-02-28,100,100,0,monthly_3_and_5_temperature_complete_snow_and_tmin,-0.4,-0.3,Neutral,False,Neutral,False,ONI,-0.4,Neutral,False,-1.851852005,Sudbury,Northeast,46.63,False,True
sudbury,1987,90,90,0,90,90,0,True,True,True,-8.616666667,164.5,34,19,,-10.53780024,29,1991,2020,False,partial_available_winter_average,1.921133571,1986-87,1986-12-01,1987-02-28,100,100,0,monthly_3_and_5_temperature_complete_snow_and_tmin,1.2,1.5,El Nino,False,El Nino,True,ONI,1.2,El Nino,False,2.389770281,Sudbury,Northeast,46.63,False,True
sudbury,1988,91,91,0,91,91,0,True,True,True,-10.44285714,226,40,33,,-10.53780024,29,1991,2020,False,partial_available_winter_average,0.0949430945,1987-88,1987-12-01,1988-02-29,100,100,0,monthly_3_and_5_temperature_complete_snow_and_tmin,0.6,0.5,El Nino,False,El Nino,False,ONI,0.6,El Nino,False,0.5485354233,Sudbury,Northeast,46.63,False,True
sudbury,1989,90,90,0,90,90,0,True,True,True,-11.37111111,167.8,35,33,,-10.53780024,29,1991,2020,False,partial_available_winter_average,-0.8333108738,1988-89,1988-12-01,1989-02-28,100,100,0,monthly_3_and_5_temperature_complete_snow_and_tmin,-1.6,-1.6,La Nina,False,La Nina,False,ONI,-1.6,La Nina,False,-0.3947629261,Sudbury,Northeast,46.63,False,True
sudbury,1990,90,90,0,90,90,0,True,True,True,-12.36111111,174.8,33,38,,-10.53780024,29,1991,2020,False,partial_available_winter_average,-1.823310874,1989-90,1989-12-01,1990-02-28,100,100,0,monthly_3_and_5_temperature_complete_snow_and_tmin,0.2,0.3,Neutral,False,Neutral,False,ONI,0.2,Neutral,False,-1.399807307,Sudbury,Northeast,46.63,False,True
sudbury,1991,90,90,0,90,90,0,True,True,True,-10.08555556,152,33,26,,-10.53780024,29,1991,2020,False,partial_available_winter_average,0.4522446818,1990-91,1990-12-01,1991-02-28,100,100,0,monthly_3_and_5_temperature_complete_snow_and_tmin,0.4,0.6,Neutral,False,El Nino,False,ONI,0.4,Neutral,False,0.8607038672,Sudbury,Northeast,46.63,False,True
sudbury,1992,91,91,0,91,91,0,True,True,True,-11.27692308,170.2,35,31,,-10.53780024,29,1991,2020,False,partial_available_winter_average,-0.7391228396,1991-92,1991-12-01,1992-02-29,100,100,0,monthly_3_and_5_temperature_complete_snow_and_tmin,1.5,2.1,El Nino,True,El Nino,True,ONI,1.5,El Nino,True,-0.3457080354,Sudbury,Northeast,46.63,False,True
sudbury,1993,90,64,26,64,64,0,False,False,False,,,,,temperature:monthly_3_and_5_failed;snow_metrics:incomplete_daily_snowfall;cold_days:incomplete_daily_tmin,-10.53780024,29,1991,2020,False,partial_available_winter_average,,1992-93,1992-12-01,1993-02-28,71.11111111,71.11111111,0,monthly_3_and_5_temperature_complete_snow_and_tmin,0.1,0.6,Neutral,False,El Nino,False,ONI,0.1,Neutral,False,,Sudbury,Northeast,46.63,False,True
sudbury,1994,90,86,4,86,86,0,True,False,False,-15.45813953,,,,snow_metrics:incomplete_daily_snowfall;cold_days:incomplete_daily_tmin,-10.53780024,29,1991,2020,False,partial_available_winter_average,-4.920339298,1993-94,1993-12-01,1994-02-28,95.55555556,95.55555556,0,monthly_3_and_5_temperature_complete_snow_and_tmin,0.1,0.3,Neutral,False,Neutral,False,ONI,0.1,Neutral,False,-4.557013256,Sudbury,Northeast,46.63,False,True
sudbury,1995,90,90,0,90,90,0,True,True,True,-9.178888889,96.7,25,22,,-10.53780024,29,1991,2020,False,partial_available_winter_average,1.358911348,1994-95,1994-12-01,1995-02-28,100,100,0,monthly_3_and_5_temperature_complete_snow_and_tmin,0.9,1.2,El Nino,False,El Nino,False,ONI,0.9,El Nino,False,1.707193009,Sudbury,Northeast,46.63,False,True
sudbury,1996,91,91,0,91,91,0,True,True,True,-13.10769231,181.2,27,43,,-10.53780024,29,1991,2020,False,partial_available_winter_average,-2.56989207,1995-96,1995-12-01,1996-02-29,100,100,0,monthly_3_and_5_temperature_complete_snow_and_tmin,-0.9,-0.9,La Nina,False,La Nina,False,ONI,-0.9,La Nina,False,-2.236654791,Sudbury,Northeast,46.63,False,True
sudbury,1997,90,90,0,90,90,0,True,True,True,-11.59888889,273.9,45,37,,-10.53780024,29,1991,2020,False,partial_available_winter_average,-1.061088652,1996-97,1996-12-01,1997-02-28,100,100,0,monthly_3_and_5_temperature_complete_snow_and_tmin,-0.4,-0.2,Neutral,False,Neutral,False,ONI,-0.4,Neutral,False,-0.7428957532,Sudbury,Northeast,46.63,False,True
sudbury,1998,90,90,0,89,90,0,True,True,False,-7.806741573,116.5,30,,cold_days:incomplete_daily_tmin,-10.53780024,29,1991,2020,False,partial_available_winter_average,2.731058664,1997-98,1997-12-01,1998-02-28,98.88888889,100,0,monthly_3_and_5_temperature_complete_snow_and_tmin,2.2,2.1,El Nino,True,El Nino,True,ONI,2.2,El Nino,True,3.034207182,Sudbury,Northeast,46.63,False,True
sudbury,1999,90,90,0,90,90,0,True,True,True,-9.036666667,165.7,30,21,,-10.53780024,29,1991,2020,False,partial_available_winter_average,1.501133571,1998-99,1998-12-01,1999-02-28,100,100,0,monthly_3_and_5_temperature_complete_snow_and_tmin,-1.5,-1.6,La Nina,False,La Nina,False,ONI,-1.5,La Nina,False,1.789237707,Sudbury,Northeast,46.63,False,True
sudbury,2000,91,91,0,91,91,0,True,True,True,-9.452747253,158.6,29,22,,-10.53780024,29,1991,2020,False,partial_available_winter_average,1.085052985,1999-00,1999-12-01,2000-02-29,100,100,0,monthly_3_and_5_temperature_complete_snow_and_tmin,-1.5,-1.5,La Nina,False,La Nina,False,ONI,-1.5,La Nina,False,1.358112739,Sudbury,Northeast,46.63,False,True
sudbury,2001,90,90,0,90,90,0,True,True,True,-11.97777778,206.6,40,32,,-10.53780024,29,1991,2020,False,partial_available_winter_average,-1.43997754,2000-01,2000-12-01,2001-02-28,100,100,0,monthly_3_and_5_temperature_complete_snow_and_tmin,-0.8,-0.8,La Nina,False,La Nina,False,ONI,-0.8,La Nina,False,-1.181962167,Sudbury,Northeast,46.63,False,True
sudbury,2002,90,90,0,90,90,0,True,True,True,-7.002222222,186,34,5,,-10.53780024,29,1991,2020,False,partial_available_winter_average,3.535578015,2001-02,2001-12-01,2002-02-28,100,100,0,monthly_3_and_5_temperature_complete_snow_and_tmin,-0.1,-0.2,Neutral,False,Neutral,False,ONI,-0.1,Neutral,False,3.778549008,Sudbury,Northeast,46.63,False,True
sudbury,2003,90,90,0,90,90,0,True,True,True,-12.21333333,129.6,32,37,,-10.53780024,29,1991,2020,False,partial_available_winter_average,-1.675533096,2002-03,2002-12-01,2003-02-28,100,100,0,monthly_3_and_5_temperature_complete_snow_and_tmin,0.9,0.9,El Nino,False,El Nino,False,ONI,0.9,El Nino,False,-1.447606485,Sudbury,Northeast,46.63,False,True
sudbury,2004,91,91,0,91,91,0,True,True,True,-11.28131868,168.9,30,25,,-10.53780024,29,1991,2020,False,partial_available_winter_average,-0.743518444,2003-04,2003-12-01,2004-02-29,100,100,0,monthly_3_and_5_temperature_complete_snow_and_tmin,0.3,0.2,Neutral,False,Neutral,False,ONI,0.3,Neutral,False,-0.5306362137,Sudbury,Northeast,46.63,False,True
sudbury,2005,90,90,0,90,90,0,True,True,True,-11.48444444,159.7,34,30,,-10.53780024,29,1991,2020,False,partial_available_winter_average,-0.9466442071,2004-05,2004-12-01,2005-02-28,100,100,0,monthly_3_and_5_temperature_complete_snow_and_tmin,0.6,0.5,El Nino,False,El Nino,False,ONI,0.6,El Nino,False,-0.748806358,Sudbury,Northeast,46.63,False,True
sudbury,2006,90,90,0,90,90,0,True,True,True,-9.158888889,250.5,41,11,,-10.53780024,29,1991,2020,False,partial_available_winter_average,1.378911348,2005-06,2005-12-01,2006-02-28,100,100,0,monthly_3_and_5_temperature_complete_snow_and_tmin,-0.9,-0.9,La Nina,False,La Nina,False,ONI,-0.9,La Nina,False,1.561704816,Sudbury,Northeast,46.63,False,True
sudbury,2007,90,90,0,90,90,0,True,True,True,-9.377777778,95,23,25,,-10.53780024,29,1991,2020,False,partial_available_winter_average,1.16002246,2006-07,2006-12-01,2007-02-28,100,100,0,monthly_3_and_5_temperature_complete_snow_and_tmin,0.6,0.6,El Nino,False,El Nino,False,ONI,0.6,El Nino,False,1.327771546,Sudbury,Northeast,46.63,False,True
sudbury,2008,91,91,0,91,91,0,True,True,True,-9.645054945,169.2,35,22,,-10.53780024,29,1991,2020,False,partial_available_winter_average,0.8927452923,2007-08,2007-12-01,2008-02-29,100,100,0,monthly_3_and_5_temperature_complete_snow_and_tmin,-1.8,-1.7,La Nina,False,La Nina,False,ONI,-1.8,La Nina,False,1.045449998,Sudbury,Northeast,46.63,False,True
sudbury,2009,90,90,0,90,90,0,True,True,True,-12.32,277.8,49,32,,-10.53780024,29,1991,2020,False,partial_available_winter_average,-1.782199763,2008-09,2008-12-01,2009-02-28,100,100,0,monthly_3_and_5_temperature_complete_snow_and_tmin,-0.9,-1,La Nina,False,La Nina,False,ONI,-0.9,La Nina,False,-1.644539438,Sudbury,Northeast,46.63,False,True
sudbury,2010,90,90,0,90,90,0,True,True,True,-9.288888889,125.7,33,15,,-10.53780024,29,1991,2020,False,partial_available_winter_average,1.248911348,2009-10,2009-12-01,2010-02-28,100,100,0,monthly_3_and_5_temperature_complete_snow_and_tmin,1.5,1.4,El Nino,True,El Nino,False,ONI,1.5,El Nino,True,1.371527292,Sudbury,Northeast,46.63,False,True
sudbury,2011,90,90,0,90,90,0,True,True,True,-10.96888889,158,36,18,,-10.53780024,29,1991,2020,False,partial_available_winter_average,-0.4310886515,2010-11,2010-12-01,2011-02-28,100,100,0,monthly_3_and_5_temperature_complete_snow_and_tmin,-1.3,-1.4,La Nina,False,La Nina,False,ONI,-1.3,La Nina,False,-0.3235170894,Sudbury,Northeast,46.63,False,True
sudbury,2012,91,91,0,91,91,0,True,True,True,-7.654945055,197.6,38,13,,-10.53780024,29,1991,2020,False,partial_available_winter_average,2.882855182,2011-12,2011-12-01,2012-02-29,100,100,0,monthly_3_and_5_temperature_complete_snow_and_tmin,-0.7,-0.8,La Nina,False,La Nina,False,ONI,-0.7,La Nina,False,2.975382363,Sudbury,Northeast,46.63,False,True
sudbury,2013,90,90,0,90,90,0,True,True,True,-9.793333333,216.6,38,24,,-10.53780024,29,1991,2020,False,partial_available_winter_average,0.744466904,2012-13,2012-12-01,2013-02-28,100,100,0,monthly_3_and_5_temperature_complete_snow_and_tmin,-0.2,-0.5,Neutral,False,La Nina,False,ONI,-0.2,Neutral,False,0.8219497038,Sudbury,Northeast,46.63,False,True
sudbury,2014,90,90,0,90,90,0,True,True,True,-14.32222222,181.3,40,40,,-10.53780024,29,1991,2020,False,partial_available_winter_average,-3.784421985,2013-14,2013-12-01,2014-02-28,100,100,0,monthly_3_and_5_temperature_complete_snow_and_tmin,-0.2,-0.4,Neutral,False,Neutral,False,ONI,-0.2,Neutral,False,-3.721983566,Sudbury,Northeast,46.63,False,True
sudbury,2015,90,90,0,90,90,0,True,True,True,-13.79111111,167.5,37,46,,-10.53780024,29,1991,2020,False,partial_available_winter_average,-3.253310874,2014-15,2014-12-01,2015-02-28,100,100,0,monthly_3_and_5_temperature_complete_snow_and_tmin,0.7,0.5,El Nino,False,El Nino,False,ONI,0.7,El Nino,False,-3.205916836,Sudbury,Northeast,46.63,False,True
sudbury,2016,91,91,0,91,91,0,True,True,True,-7.720879121,263.4,39,18,,-10.53780024,29,1991,2020,False,partial_available_winter_average,2.816921116,2015-16,2015-12-01,2016-02-29,100,100,0,monthly_3_and_5_temperature_complete_snow_and_tmin,2.5,2.1,El Nino,True,El Nino,True,ONI,2.5,El Nino,True,2.849270773,Sudbury,Northeast,46.63,False,True
sudbury,2017,90,90,0,90,90,0,True,True,True,-7.675555556,226.8,37,14,,-10.53780024,29,1991,2020,False,partial_available_winter_average,2.862244682,2016-17,2016-12-01,2017-02-28,100,100,0,monthly_3_and_5_temperature_complete_snow_and_tmin,-0.1,-0.6,Neutral,False,La Nina,False,ONI,-0.1,Neutral,False,2.879549957,Sudbury,Northeast,46.63,False,True
sudbury,2018,90,90,0,89,90,0,True,True,False,-11.85617978,185.8,33,,cold_days:incomplete_daily_tmin,-10.53780024,29,1991,2020,False,partial_available_winter_average,-1.318379538,2017-18,2017-12-01,2018-02-28,98.88888889,100,0,monthly_3_and_5_temperature_complete_snow_and_tmin,-0.7,-1.1,La Nina,False,La Nina,False,ONI,-0.7,La Nina,False,-1.316118644,Sudbury,Northeast,46.63,False,True
sudbury,2019,90,90,0,87,90,0,True,True,False,-12.05632184,267.7,47,,cold_days:incomplete_daily_tmin,-10.53780024,29,1991,2020,False,partial_available_winter_average,-1.518521602,2018-19,2018-12-01,2019-02-28,96.66666667,100,0,monthly_3_and_5_temperature_complete_snow_and_tmin,1,0.7,El Nino,False,El Nino,False,ONI,1,El Nino,False,-1.531305089,Sudbury,Northeast,46.63,False,True
sudbury,2020,91,90,1,83,90,0,True,False,False,-9.004819277,,,,snow_metrics:incomplete_daily_snowfall;cold_days:incomplete_daily_tmin,-10.53780024,29,1991,2020,False,partial_available_winter_average,1.53298096,2019-20,2019-12-01,2020-02-29,91.20879121,98.9010989,0,monthly_3_and_5_temperature_complete_snow_and_tmin,0.7,0.1,El Nino,False,Neutral,False,ONI,0.7,El Nino,False,1.505153092,Sudbury,Northeast,46.63,False,True
sudbury,2021,90,88,2,78,82,0,False,False,False,,,,,temperature:monthly_3_and_5_failed;snow_metrics:incomplete_daily_snowfall;cold_days:incomplete_daily_tmin,-10.53780024,29,1991,2020,False,partial_available_winter_average,,2020-21,2020-12-01,2021-02-28,86.66666667,91.11111111,0,monthly_3_and_5_temperature_complete_snow_and_tmin,-1,-1.3,La Nina,False,La Nina,False,ONI,-1,La Nina,False,,Sudbury,Northeast,46.63,False,True
sudbury,2022,90,90,0,78,90,0,True,True,False,-12.48846154,208.1,43,,cold_days:incomplete_daily_tmin,-10.53780024,29,1991,2020,False,partial_available_winter_average,-1.950661301,2021-22,2021-12-01,2022-02-28,86.66666667,100,0,monthly_3_and_5_temperature_complete_snow_and_tmin,-0.8,-1.2,La Nina,False,La Nina,False,ONI,-0.8,La Nina,False,-2.008577932,Sudbury,Northeast,46.63,False,True
sudbury,2023,90,88,2,74,88,0,False,False,False,,,,,temperature:monthly_3_and_5_failed;snow_metrics:incomplete_daily_snowfall;cold_days:incomplete_daily_tmin,-10.53780024,29,1991,2020,False,partial_available_winter_average,,2022-23,2022-12-01,2023-02-28,82.22222222,97.77777778,0,monthly_3_and_5_temperature_complete_snow_and_tmin,-0.5,-0.9,La Nina,False,La Nina,False,ONI,-0.5,La Nina,False,,Sudbury,Northeast,46.63,False,True
sudbury,2024,91,90,1,75,90,0,False,False,False,,,,,temperature:monthly_3_and_5_failed;snow_metrics:incomplete_daily_snowfall;cold_days:incomplete_daily_tmin,-10.53780024,29,1991,2020,False,partial_available_winter_average,,2023-24,2023-12-01,2024-02-29,82.41758242,98.9010989,0,monthly_3_and_5_temperature_complete_snow_and_tmin,1.8,1.1,El Nino,True,El Nino,False,ONI,1.8,El Nino,True,,Sudbury,Northeast,46.63,False,True
sudbury,2025,90,87,3,76,86,0,False,False,False,,,,,temperature:monthly_3_and_5_failed;snow_metrics:incomplete_daily_snowfall;cold_days:incomplete_daily_tmin,-10.53780024,29,1991,2020,False,partial_available_winter_average,,2024-25,2024-12-01,2025-02-28,84.44444444,95.55555556,0,monthly_3_and_5_temperature_complete_snow_and_tmin,-0.5,-1.1,La Nina,False,La Nina,False,ONI,-0.5,La Nina,False,,Sudbury,Northeast,46.63,False,True
sudbury,2026,90,89,1,83,88,0,True,False,False,-11.83253012,,,,snow_metrics:incomplete_daily_snowfall;cold_days:incomplete_daily_tmin,-10.53780024,29,1991,2020,False,partial_available_winter_average,-1.294729883,2025-26,2025-12-01,2026-02-28,92.22222222,97.77777778,0,monthly_3_and_5_temperature_complete_snow_and_tmin,-0.4,-0.9,Neutral,False,La Nina,False,ONI,-0.4,Neutral,False,-1.412824038,Sudbury,Northeast,46.63,False,True
thunderbay,1982,90,90,0,90,90,0,True,True,True,-14.98666667,125.1,24,53,,-11.53337035,27,1991,2020,False,partial_available_winter_average,-3.453296322,1981-82,1981-12-01,1982-02-28,100,100,0,monthly_3_and_5_temperature_complete_snow_and_tmin,0,0.1,Neutral,False,Neutral,False,ONI,0,Neutral,False,-2.668909732,Thunder Bay,Northwest,48.37,True,True
thunderbay,1983,90,90,0,90,90,0,True,True,True,-9.024444444,108.6,23,24,,-11.53337035,27,1991,2020,False,partial_available_winter_average,2.508925901,1982-83,1982-12-01,1983-02-28,100,100,0,monthly_3_and_5_temperature_complete_snow_and_tmin,2.1,2.4,El Nino,True,El Nino,True,ONI,2.1,El Nino,True,3.260024654,Thunder Bay,Northwest,48.37,True,True
thunderbay,1984,91,91,0,91,91,0,True,True,True,-12.97802198,86.8,17,44,,-11.53337035,27,1991,2020,False,partial_available_winter_average,-1.444651633,1983-84,1983-12-01,1984-02-29,100,100,0,monthly_3_and_5_temperature_complete_snow_and_tmin,-0.6,-0.6,La Nina,False,La Nina,False,ONI,-0.6,La Nina,False,-0.726840716,Thunder Bay,Northwest,48.37,True,True
thunderbay,1985,90,90,0,90,90,0,True,True,True,-13.49888889,101.2,20,46,,-11.53337035,27,1991,2020,False,partial_available_winter_average,-1.965518544,1984-85,1984-12-01,1985-02-28,100,100,0,monthly_3_and_5_temperature_complete_snow_and_tmin,-1,-0.8,La Nina,False,La Nina,False,ONI,-1,La Nina,False,-1.280995463,Thunder Bay,Northwest,48.37,True,True
thunderbay,1986,90,90,0,90,90,0,True,True,True,-13.29111111,98.1,17,43,,-11.53337035,27,1991,2020,False,partial_available_winter_average,-1.757740766,1985-86,1985-12-01,1986-02-28,100,100,0,monthly_3_and_5_temperature_complete_snow_and_tmin,-0.4,-0.3,Neutral,False,Neutral,False,ONI,-0.4,Neutral,False,-1.106505522,Thunder Bay,Northwest,48.37,True,True
thunderbay,1987,90,90,0,90,90,0,True,True,True,-7.95,68.4,16,17,,-11.53337035,27,1991,2020,False,partial_available_winter_average,3.583370345,1986-87,1986-12-01,1987-02-28,100,100,0,monthly_3_and_5_temperature_complete_snow_and_tmin,1.2,1.5,El Nino,False,El Nino,True,ONI,1.2,El Nino,False,4.201317753,Thunder Bay,Northwest,48.37,True,True
thunderbay,1988,91,91,0,91,91,0,True,True,True,-12.65384615,63,19,48,,-11.53337035,27,1991,2020,False,partial_available_winter_average,-1.120475809,1987-88,1987-12-01,1988-02-29,100,100,0,monthly_3_and_5_temperature_complete_snow_and_tmin,0.6,0.5,El Nino,False,El Nino,False,ONI,0.6,El Nino,False,-0.535816237,Thunder Bay,Northwest,48.37,True,True
thunderbay,1989,90,90,0,90,90,0,True,True,True,-13.44888889,144.8,27,48,,-11.53337035,27,1991,2020,False,partial_available_winter_average,-1.915518544,1988-89,1988-12-01,1989-02-28,100,100,0,monthly_3_and_5_temperature_complete_snow_and_tmin,-1.6,-1.6,La Nina,False,La Nina,False,ONI,-1.6,La Nina,False,-1.364146808,Thunder Bay,Northwest,48.37,True,True
thunderbay,1990,90,90,0,90,90,0,True,True,True,-13.60777778,115.2,31,45,,-11.53337035,27,1991,2020,False,partial_available_winter_average,-2.074407433,1989-90,1989-12-01,1990-02-28,100,100,0,monthly_3_and_5_temperature_complete_snow_and_tmin,0.2,0.3,Neutral,False,Neutral,False,ONI,0.2,Neutral,False,-1.556323534,Thunder Bay,Northwest,48.37,True,True
thunderbay,1991,90,90,0,90,90,0,True,True,True,-13.26222222,109,23,48,,-11.53337035,27,1991,2020,False,partial_available_winter_average,-1.728851877,1990-91,1990-12-01,1991-02-28,100,100,0,monthly_3_and_5_temperature_complete_snow_and_tmin,0.4,0.6,Neutral,False,El Nino,False,ONI,0.4,Neutral,False,-1.244055814,Thunder Bay,Northwest,48.37,True,True
thunderbay,1992,91,91,0,91,91,0,True,True,True,-10.37032967,106.8,24,33,,-11.53337035,27,1991,2020,False,partial_available_winter_average,1.163040675,1991-92,1991-12-01,1992-02-29,100,100,0,monthly_3_and_5_temperature_complete_snow_and_tmin,1.5,2.1,El Nino,True,El Nino,True,ONI,1.5,El Nino,True,1.614548901,Thunder Bay,Northwest,48.37,True,True
thunderbay,1993,90,72,18,72,72,0,False,False,False,,,,,temperature:monthly_3_and_5_failed;snow_metrics:incomplete_daily_snowfall;cold_days:incomplete_daily_tmin,-11.53337035,27,1991,2020,False,partial_available_winter_average,,1992-93,1992-12-01,1993-02-28,80,80,0,monthly_3_and_5_temperature_complete_snow_and_tmin,0.1,0.6,Neutral,False,El Nino,False,ONI,0.1,Neutral,False,,Thunder Bay,Northwest,48.37,True,True
thunderbay,1994,90,82,8,80,78,0,False,False,False,,,,,temperature:monthly_3_and_5_failed;snow_metrics:incomplete_daily_snowfall;cold_days:incomplete_daily_tmin,-11.53337035,27,1991,2020,False,partial_available_winter_average,,1993-94,1993-12-01,1994-02-28,88.88888889,86.66666667,0,monthly_3_and_5_temperature_complete_snow_and_tmin,0.1,0.3,Neutral,False,Neutral,False,ONI,0.1,Neutral,False,,Thunder Bay,Northwest,48.37,True,True
thunderbay,1995,90,90,0,90,52,0,True,False,True,-10.33,,,30,snow_metrics:incomplete_daily_snowfall,-11.53337035,27,1991,2020,False,partial_available_winter_average,1.203370345,1994-95,1994-12-01,1995-02-28,100,57.77777778,0,monthly_3_and_5_temperature_complete_snow_and_tmin,0.9,1.2,El Nino,False,El Nino,False,ONI,0.9,El Nino,False,1.555015063,Thunder Bay,Northwest,48.37,True,True
thunderbay,1996,91,91,0,91,32,0,True,False,True,-15.23186813,,,57,snow_metrics:incomplete_daily_snowfall,-11.53337035,27,1991,2020,False,partial_available_winter_average,-3.698497787,1995-96,1995-12-01,1996-02-29,100,35.16483516,0,monthly_3_and_5_temperature_complete_snow_and_tmin,-0.9,-0.9,La Nina,False,La Nina,False,ONI,-0.9,La Nina,False,-3.380140905,Thunder Bay,Northwest,48.37,True,True
thunderbay,1997,90,90,0,87,34,0,True,False,True,-12.6908046,,,38,snow_metrics:incomplete_daily_snowfall,-11.53337035,27,1991,2020,False,partial_available_winter_average,-1.157434253,1996-97,1996-12-01,1997-02-28,96.66666667,37.77777778,0,monthly_3_and_5_temperature_complete_snow_and_tmin,-0.4,-0.2,Neutral,False,Neutral,False,ONI,-0.4,Neutral,False,-0.8723652074,Thunder Bay,Northwest,48.37,True,True
thunderbay,1998,90,87,3,83,0,0,True,False,False,-7.1,,,,snow_metrics:incomplete_daily_snowfall;cold_days:incomplete_daily_tmin,-11.53337035,27,1991,2020,False,partial_available_winter_average,4.433370345,1997-98,1997-12-01,1998-02-28,92.22222222,0,0,monthly_3_and_5_temperature_complete_snow_and_tmin,2.2,2.1,El Nino,True,El Nino,True,ONI,2.2,El Nino,True,4.685151554,Thunder Bay,Northwest,48.37,True,True
thunderbay,1999,90,90,0,89,0,0,True,False,True,-10.78089888,,,39,snow_metrics:incomplete_daily_snowfall,-11.53337035,27,1991,2020,False,partial_available_winter_average,0.7524714686,1998-99,1998-12-01,1999-02-28,98.88888889,0,0,monthly_3_and_5_temperature_complete_snow_and_tmin,-1.5,-1.6,La Nina,False,La Nina,False,ONI,-1.5,La Nina,False,0.9709648413,Thunder Bay,Northwest,48.37,True,True
thunderbay,2000,91,88,3,86,0,0,True,False,False,-10.97790698,,,,snow_metrics:incomplete_daily_snowfall;cold_days:incomplete_daily_tmin,-11.53337035,27,1991,2020,False,partial_available_winter_average,0.5554633683,1999-00,1999-12-01,2000-02-29,94.50549451,0,0,monthly_3_and_5_temperature_complete_snow_and_tmin,-1.5,-1.5,La Nina,False,La Nina,False,ONI,-1.5,La Nina,False,0.7406689047,Thunder Bay,Northwest,48.37,True,True
thunderbay,2001,90,90,0,89,0,0,True,False,True,-14.12359551,,,52,snow_metrics:incomplete_daily_snowfall,-11.53337035,27,1991,2020,False,partial_available_winter_average,-2.590225161,2000-01,2000-12-01,2001-02-28,98.88888889,0,0,monthly_3_and_5_temperature_complete_snow_and_tmin,-0.8,-0.8,La Nina,False,La Nina,False,ONI,-0.8,La Nina,False,-2.43830746,Thunder Bay,Northwest,48.37,True,True
thunderbay,2002,90,90,0,90,0,0,True,False,True,-7.814444444,,,17,snow_metrics:incomplete_daily_snowfall,-11.53337035,27,1991,2020,False,partial_available_winter_average,3.718925901,2001-02,2001-12-01,2002-02-28,100,0,0,monthly_3_and_5_temperature_complete_snow_and_tmin,-0.1,-0.2,Neutral,False,Neutral,False,ONI,-0.1,Neutral,False,3.837555764,Thunder Bay,Northwest,48.37,True,True
thunderbay,2003,90,90,0,90,90,0,True,True,True,-12.38,26.1,6,41,,-11.53337035,27,1991,2020,False,partial_available_winter_average,-0.8466296549,2002-03,2002-12-01,2003-02-28,100,100,0,monthly_3_and_5_temperature_complete_snow_and_tmin,0.9,0.9,El Nino,False,El Nino,False,ONI,0.9,El Nino,False,-0.7612876274,Thunder Bay,Northwest,48.37,True,True
thunderbay,2004,91,91,0,91,0,0,True,False,True,-11.47912088,,,35,snow_metrics:incomplete_daily_snowfall,-11.53337035,27,1991,2020,False,partial_available_winter_average,0.05424946593,2003-04,2003-12-01,2004-02-29,100,0,0,monthly_3_and_5_temperature_complete_snow_and_tmin,0.3,0.2,Neutral,False,Neutral,False,ONI,0.3,Neutral,False,0.1063036571,Thunder Bay,Northwest,48.37,True,True
thunderbay,2005,90,54,36,44,0,0,False,False,False,,,,,temperature:monthly_3_and_5_failed;snow_metrics:incomplete_daily_snowfall;cold_days:incomplete_daily_tmin,-11.53337035,27,1991,2020,False,partial_available_winter_average,,2004-05,2004-12-01,2005-02-28,48.88888889,0,0,monthly_3_and_5_temperature_complete_snow_and_tmin,0.6,0.5,El Nino,False,El Nino,False,ONI,0.6,El Nino,False,,Thunder Bay,Northwest,48.37,True,True
thunderbay,2006,90,90,0,90,0,0,True,False,True,-9.648888889,,,20,snow_metrics:incomplete_daily_snowfall,-11.53337035,27,1991,2020,False,partial_available_winter_average,1.884481456,2005-06,2005-12-01,2006-02-28,100,0,0,monthly_3_and_5_temperature_complete_snow_and_tmin,-0.9,-0.9,La Nina,False,La Nina,False,ONI,-0.9,La Nina,False,1.869959975,Thunder Bay,Northwest,48.37,True,True
thunderbay,2007,90,90,0,90,0,0,True,False,True,-10.53555556,,,36,snow_metrics:incomplete_daily_snowfall,-11.53337035,27,1991,2020,False,partial_available_winter_average,0.9978147895,2006-07,2006-12-01,2007-02-28,100,0,0,monthly_3_and_5_temperature_complete_snow_and_tmin,0.6,0.6,El Nino,False,El Nino,False,ONI,0.6,El Nino,False,0.9500054719,Thunder Bay,Northwest,48.37,True,True
thunderbay,2008,91,91,0,91,0,0,True,False,True,-12.35604396,,,41,snow_metrics:incomplete_daily_snowfall,-11.53337035,27,1991,2020,False,partial_available_winter_average,-0.822673611,2007-08,2007-12-01,2008-02-29,100,0,0,monthly_3_and_5_temperature_complete_snow_and_tmin,-1.8,-1.7,La Nina,False,La Nina,False,ONI,-1.8,La Nina,False,-0.9037707649,Thunder Bay,Northwest,48.37,True,True
thunderbay,2009,90,90,0,90,0,0,True,False,True,-14.69666667,,,54,snow_metrics:incomplete_daily_snowfall,-11.53337035,27,1991,2020,False,partial_available_winter_average,-3.163296322,2008-09,2008-12-01,2009-02-28,100,0,0,monthly_3_and_5_temperature_complete_snow_and_tmin,-0.9,-1,La Nina,False,La Nina,False,ONI,-0.9,La Nina,False,-3.277681312,Thunder Bay,Northwest,48.37,True,True
thunderbay,2010,90,90,0,90,0,0,True,False,True,-10.96111111,,,35,snow_metrics:incomplete_daily_snowfall,-11.53337035,27,1991,2020,False,partial_available_winter_average,0.5722592339,2009-10,2009-12-01,2010-02-28,100,0,0,monthly_3_and_5_temperature_complete_snow_and_tmin,1.5,1.4,El Nino,True,El Nino,False,ONI,1.5,El Nino,True,0.4245864074,Thunder Bay,Northwest,48.37,True,True
thunderbay,2011,90,90,0,90,0,0,True,False,True,-12.86666667,,,37,snow_metrics:incomplete_daily_snowfall,-11.53337035,27,1991,2020,False,partial_available_winter_average,-1.333296322,2010-11,2010-12-01,2011-02-28,100,0,0,monthly_3_and_5_temperature_complete_snow_and_tmin,-1.3,-1.4,La Nina,False,La Nina,False,ONI,-1.3,La Nina,False,-1.514256984,Thunder Bay,Northwest,48.37,True,True
thunderbay,2012,91,91,0,91,0,0,True,False,True,-7.771428571,,,20,snow_metrics:incomplete_daily_snowfall,-11.53337035,27,1991,2020,False,partial_available_winter_average,3.761941774,2011-12,2011-12-01,2012-02-29,100,0,0,monthly_3_and_5_temperature_complete_snow_and_tmin,-0.7,-0.8,La Nina,False,La Nina,False,ONI,-0.7,La Nina,False,3.547693275,Thunder Bay,Northwest,48.37,True,True
thunderbay,2013,90,90,0,90,0,0,True,False,True,-10.76333333,,,29,snow_metrics:incomplete_daily_snowfall,-11.53337035,27,1991,2020,False,partial_available_winter_average,0.7700370117,2012-13,2012-12-01,2013-02-28,100,0,0,monthly_3_and_5_temperature_complete_snow_and_tmin,-0.2,-0.5,Neutral,False,La Nina,False,ONI,-0.2,Neutral,False,0.5225006764,Thunder Bay,Northwest,48.37,True,True
thunderbay,2014,90,90,0,90,0,0,True,False,True,-17.67666667,,,64,snow_metrics:incomplete_daily_snowfall,-11.53337035,27,1991,2020,False,partial_available_winter_average,-6.143296322,2013-14,2013-12-01,2014-02-28,100,0,0,monthly_3_and_5_temperature_complete_snow_and_tmin,-0.2,-0.4,Neutral,False,Neutral,False,ONI,-0.2,Neutral,False,-6.424120493,Thunder Bay,Northwest,48.37,True,True
thunderbay,2015,90,90,0,88,0,0,True,False,False,-13.97045455,,,,snow_metrics:incomplete_daily_snowfall;cold_days:incomplete_daily_tmin,-11.53337035,27,1991,2020,False,partial_available_winter_average,-2.4370842,2014-15,2014-12-01,2015-02-28,97.77777778,0,0,monthly_3_and_5_temperature_complete_snow_and_tmin,0.7,0.5,El Nino,False,El Nino,False,ONI,0.7,El Nino,False,-2.751196208,Thunder Bay,Northwest,48.37,True,True
thunderbay,2016,91,90,1,85,0,0,True,False,False,-8.615294118,,,,snow_metrics:incomplete_daily_snowfall;cold_days:incomplete_daily_tmin,-11.53337035,27,1991,2020,False,partial_available_winter_average,2.918076227,2015-16,2015-12-01,2016-02-29,93.40659341,0,0,monthly_3_and_5_temperature_complete_snow_and_tmin,2.5,2.1,El Nino,True,El Nino,True,ONI,2.5,El Nino,True,2.570676383,Thunder Bay,Northwest,48.37,True,True
thunderbay,2017,90,90,0,89,0,0,True,False,True,-9.106741573,,,23,snow_metrics:incomplete_daily_snowfall,-11.53337035,27,1991,2020,False,partial_available_winter_average,2.426628772,2016-17,2016-12-01,2017-02-28,98.88888889,0,0,monthly_3_and_5_temperature_complete_snow_and_tmin,-0.1,-0.6,Neutral,False,La Nina,False,ONI,-0.1,Neutral,False,2.045941092,Thunder Bay,Northwest,48.37,True,True
thunderbay,2018,90,90,0,90,0,0,True,False,True,-13.34444444,,,43,snow_metrics:incomplete_daily_snowfall,-11.53337035,27,1991,2020,False,partial_available_winter_average,-1.811074099,2017-18,2017-12-01,2018-02-28,100,0,0,monthly_3_and_5_temperature_complete_snow_and_tmin,-0.7,-1.1,La Nina,False,La Nina,False,ONI,-0.7,La Nina,False,-2.225049616,Thunder Bay,Northwest,48.37,True,True
thunderbay,2019,90,89,1,89,0,0,True,False,False,-12.56629213,,,,snow_metrics:incomplete_daily_snowfall;cold_days:incomplete_daily_tmin,-11.53337035,27,1991,2020,False,partial_available_winter_average,-1.03292179,2018-19,2018-12-01,2019-02-28,98.88888889,0,0,monthly_3_and_5_temperature_complete_snow_and_tmin,1,0.7,El Nino,False,El Nino,False,ONI,1,El Nino,False,-1.480185143,Thunder Bay,Northwest,48.37,True,True
thunderbay,2020,91,91,0,91,0,0,True,False,True,-9.98021978,,,32,snow_metrics:incomplete_daily_snowfall,-11.53337035,27,1991,2020,False,partial_available_winter_average,1.553150565,2019-20,2019-12-01,2020-02-29,100,0,0,monthly_3_and_5_temperature_complete_snow_and_tmin,0.7,0.1,El Nino,False,Neutral,False,ONI,0.7,El Nino,False,1.072599375,Thunder Bay,Northwest,48.37,True,True
thunderbay,2021,90,90,0,90,0,0,True,False,True,-10.42666667,,,24,snow_metrics:incomplete_daily_snowfall,-11.53337035,27,1991,2020,False,partial_available_winter_average,1.106703678,2020-21,2020-12-01,2021-02-28,100,0,0,monthly_3_and_5_temperature_complete_snow_and_tmin,-1,-1.3,La Nina,False,La Nina,False,ONI,-1,La Nina,False,0.5928646527,Thunder Bay,Northwest,48.37,True,True
thunderbay,2022,90,90,0,90,0,0,True,False,True,-14.51111111,,,54,snow_metrics:incomplete_daily_snowfall,-11.53337035,27,1991,2020,False,partial_available_winter_average,-2.977740766,2021-22,2021-12-01,2022-02-28,100,0,0,monthly_3_and_5_temperature_complete_snow_and_tmin,-0.8,-1.2,La Nina,False,La Nina,False,ONI,-0.8,La Nina,False,-3.524867628,Thunder Bay,Northwest,48.37,True,True
thunderbay,2023,90,90,0,90,0,0,True,False,True,-9.713333333,,,23,snow_metrics:incomplete_daily_snowfall,-11.53337035,27,1991,2020,False,partial_available_winter_average,1.820037012,2022-23,2022-12-01,2023-02-28,100,0,0,monthly_3_and_5_temperature_complete_snow_and_tmin,-0.5,-0.9,La Nina,False,La Nina,False,ONI,-0.5,La Nina,False,1.239622313,Thunder Bay,Northwest,48.37,True,True
thunderbay,2024,91,91,0,91,0,0,True,False,True,-5.771428571,,,14,snow_metrics:incomplete_daily_snowfall,-11.53337035,27,1991,2020,False,partial_available_winter_average,5.761941774,2023-24,2023-12-01,2024-02-29,100,0,0,monthly_3_and_5_temperature_complete_snow_and_tmin,1.8,1.1,El Nino,True,El Nino,False,ONI,1.8,El Nino,True,5.148239239,Thunder Bay,Northwest,48.37,True,True
thunderbay,2025,90,90,0,90,0,0,True,False,True,-10.72444444,,,30,snow_metrics:incomplete_daily_snowfall,-11.53337035,27,1991,2020,False,partial_available_winter_average,0.8089259006,2024-25,2024-12-01,2025-02-28,100,0,0,monthly_3_and_5_temperature_complete_snow_and_tmin,-0.5,-1.1,La Nina,False,La Nina,False,ONI,-0.5,La Nina,False,0.1619355298,Thunder Bay,Northwest,48.37,True,True
thunderbay,2026,90,90,0,90,0,0,True,False,True,-11.93444444,,,35,snow_metrics:incomplete_daily_snowfall,-11.53337035,27,1991,2020,False,partial_available_winter_average,-0.4010740994,2025-26,2025-12-01,2026-02-28,100,0,0,monthly_3_and_5_temperature_complete_snow_and_tmin,-0.4,-0.9,Neutral,False,La Nina,False,ONI,-0.4,Neutral,False,-1.081352306,Thunder Bay,Northwest,48.37,True,True
toronto,1982,90,90,0,90,90,0,True,True,True,-6.827777778,92,26,13,,-3.590391548,30,1991,2020,True,complete,-3.23738623,1981-82,1981-12-01,1982-02-28,100,100,0,monthly_3_and_5_temperature_complete_snow_and_tmin,0,0.1,Neutral,False,Neutral,False,ONI,0,Neutral,False,-2.125945209,Toronto Pearson,South-central,43.68,True,True
toronto,1983,90,90,0,90,90,0,True,True,True,-2.11,51.1,10,0,,-3.590391548,30,1991,2020,True,complete,1.480391548,1982-83,1982-12-01,1983-02-28,100,100,0,monthly_3_and_5_temperature_complete_snow_and_tmin,2.1,2.4,El Nino,True,El Nino,True,ONI,2.1,El Nino,True,2.544251582,Toronto Pearson,South-central,43.68,True,True
toronto,1984,91,91,0,91,91,0,True,True,True,-5.958241758,94.1,21,11,,-3.590391548,30,1991,2020,True,complete,-2.367850211,1983-84,1983-12-01,1984-02-29,100,100,0,monthly_3_and_5_temperature_complete_snow_and_tmin,-0.6,-0.6,La Nina,False,La Nina,False,ONI,-0.6,La Nina,False,-1.351571163,Toronto Pearson,South-central,43.68,True,True
toronto,1985,90,89,1,89,89,0,True,False,False,-4.793258427,,,,snow_metrics:incomplete_daily_snowfall;cold_days:incomplete_daily_tmin,-3.590391548,30,1991,2020,True,complete,-1.202866879,1984-85,1984-12-01,1985-02-28,98.88888889,98.88888889,0,monthly_3_and_5_temperature_complete_snow_and_tmin,-1,-0.8,La Nina,False,La Nina,False,ONI,-1,La Nina,False,-0.2341688187,Toronto Pearson,South-central,43.68,True,True
toronto,1986,90,90,0,90,90,0,True,True,True,-5.417777778,64.2,18,4,,-3.590391548,30,1991,2020,True,complete,-1.82738623,1985-86,1985-12-01,1986-02-28,100,100,0,monthly_3_and_5_temperature_complete_snow_and_tmin,-0.4,-0.3,Neutral,False,Neutral,False,ONI,-0.4,Neutral,False,-0.9062691564,Toronto Pearson,South-central,43.68,True,True
toronto,1987,90,90,0,90,90,0,True,True,True,-3.792222222,81.6,11,4,,-3.590391548,30,1991,2020,True,complete,-0.2018306745,1986-87,1986-12-01,1987-02-28,100,100,0,monthly_3_and_5_temperature_complete_snow_and_tmin,1.2,1.5,El Nino,False,El Nino,True,ONI,1.2,El Nino,False,0.6717054124,Toronto Pearson,South-central,43.68,True,True
toronto,1988,91,91,0,91,91,0,True,True,True,-3.785714286,69.4,15,2,,-3.590391548,30,1991,2020,True,complete,-0.195322738,1987-88,1987-12-01,1988-02-29,100,100,0,monthly_3_and_5_temperature_complete_snow_and_tmin,0.6,0.5,El Nino,False,El Nino,False,ONI,0.6,El Nino,False,0.630632362,Toronto Pearson,South-central,43.68,True,True
toronto,1989,90,90,0,90,90,0,True,True,True,-3.725555556,48.8,17,2,,-3.590391548,30,1991,2020,True,complete,-0.1351640079,1988-89,1988-12-01,1989-02-28,100,100,0,monthly_3_and_5_temperature_complete_snow_and_tmin,-1.6,-1.6,La Nina,False,La Nina,False,ONI,-1.6,La Nina,False,0.6432101053,Toronto Pearson,South-central,43.68,True,True
toronto,1990,90,90,0,90,90,0,True,True,True,-4.855555556,69.4,20,5,,-3.590391548,30,1991,2020,True,complete,-1.265164008,1989-90,1989-12-01,1990-02-28,100,100,0,monthly_3_and_5_temperature_complete_snow_and_tmin,0.2,0.3,Neutral,False,Neutral,False,ONI,0.2,Neutral,False,-0.5343708815,Toronto Pearson,South-central,43.68,True,True
toronto,1991,90,90,0,90,90,0,True,True,True,-3.041111111,77.4,16,1,,-3.590391548,30,1991,2020,True,complete,0.5492804366,1990-91,1990-12-01,1991-02-28,100,100,0,monthly_3_and_5_temperature_complete_snow_and_tmin,0.4,0.6,Neutral,False,El Nino,False,ONI,0.4,Neutral,False,1.232492576,Toronto Pearson,South-central,43.68,True,True
toronto,1992,91,91,0,91,91,0,True,True,True,-3.479120879,70.6,14,2,,-3.590391548,30,1991,2020,True,complete,0.1112706686,1991-92,1991-12-01,1992-02-29,100,100,0,monthly_3_and_5_temperature_complete_snow_and_tmin,1.5,2.1,El Nino,True,El Nino,True,ONI,1.5,El Nino,True,0.7469018213,Toronto Pearson,South-central,43.68,True,True
toronto,1993,90,81,9,81,81,0,True,False,False,-4.716049383,,,,snow_metrics:incomplete_daily_snowfall;cold_days:incomplete_daily_tmin,-3.590391548,30,1991,2020,True,complete,-1.125657835,1992-93,1992-12-01,1993-02-28,90,90,0,monthly_3_and_5_temperature_complete_snow_and_tmin,0.1,0.6,Neutral,False,El Nino,False,ONI,0.1,Neutral,False,-0.5376076692,Toronto Pearson,South-central,43.68,True,True
toronto,1994,90,85,5,85,85,0,True,False,False,-7.675294118,,,,snow_metrics:incomplete_daily_snowfall;cold_days:incomplete_daily_tmin,-3.590391548,30,1991,2020,True,complete,-4.08490257,1993-94,1993-12-01,1994-02-28,94.44444444,94.44444444,0,monthly_3_and_5_temperature_complete_snow_and_tmin,0.1,0.3,Neutral,False,Neutral,False,ONI,0.1,Neutral,False,-3.544433391,Toronto Pearson,South-central,43.68,True,True
toronto,1995,90,90,0,90,90,0,True,True,True,-3.363333333,66.2,18,2,,-3.590391548,30,1991,2020,True,complete,0.2270582144,1994-95,1994-12-01,1995-02-28,100,100,0,monthly_3_and_5_temperature_complete_snow_and_tmin,0.9,1.2,El Nino,False,El Nino,False,ONI,0.9,El Nino,False,0.7199464065,Toronto Pearson,South-central,43.68,True,True
toronto,1996,91,91,0,91,91,0,True,True,True,-5.873626374,66.2,19,4,,-3.590391548,30,1991,2020,True,complete,-2.283234826,1995-96,1995-12-01,1996-02-29,100,100,0,monthly_3_and_5_temperature_complete_snow_and_tmin,-0.9,-0.9,La Nina,False,La Nina,False,ONI,-0.9,La Nina,False,-1.837927621,Toronto Pearson,South-central,43.68,True,True
toronto,1997,90,90,0,90,90,0,True,True,True,-3.346666667,93.4,19,2,,-3.590391548,30,1991,2020,True,complete,0.243724881,1996-97,1996-12-01,1997-02-28,100,100,0,monthly_3_and_5_temperature_complete_snow_and_tmin,-0.4,-0.2,Neutral,False,Neutral,False,ONI,-0.4,Neutral,False,0.6414510995,Toronto Pearson,South-central,43.68,True,True
toronto,1998,90,90,0,90,90,0,True,True,True,-1.146666667,37.6,12,0,,-3.590391548,30,1991,2020,True,complete,2.443724881,1997-98,1997-12-01,1998-02-28,100,100,0,monthly_3_and_5_temperature_complete_snow_and_tmin,2.2,2.1,El Nino,True,El Nino,True,ONI,2.2,El Nino,True,2.793870113,Toronto Pearson,South-central,43.68,True,True
toronto,1999,90,90,0,90,90,0,True,True,True,-2.366666667,91.1,16,2,,-3.590391548,30,1991,2020,True,complete,1.223724881,1998-99,1998-12-01,1999-02-28,100,100,0,monthly_3_and_5_temperature_complete_snow_and_tmin,-1.5,-1.6,La Nina,False,La Nina,False,ONI,-1.5,La Nina,False,1.526289126,Toronto Pearson,South-central,43.68,True,True
toronto,2000,91,91,0,91,91,0,True,True,True,-3.218681319,64.7,18,3,,-3.590391548,30,1991,2020,True,complete,0.371710229,1999-00,1999-12-01,2000-02-29,100,100,0,monthly_3_and_5_temperature_complete_snow_and_tmin,-1.5,-1.5,La Nina,False,La Nina,False,ONI,-1.5,La Nina,False,0.626693487,Toronto Pearson,South-central,43.68,True,True
toronto,2001,90,90,0,90,90,0,True,True,True,-4.808888889,110.6,19,0,,-3.590391548,30,1991,2020,True,complete,-1.218497341,2000-01,2000-12-01,2001-02-28,100,100,0,monthly_3_and_5_temperature_complete_snow_and_tmin,-0.8,-0.8,La Nina,False,La Nina,False,ONI,-0.8,La Nina,False,-1.01109507,Toronto Pearson,South-central,43.68,True,True
toronto,2002,90,90,0,90,90,0,True,True,True,0.02888888889,46.2,12,0,,-3.590391548,30,1991,2020,True,complete,3.619280437,2001-02,2001-12-01,2002-02-28,100,100,0,monthly_3_and_5_temperature_complete_snow_and_tmin,-0.1,-0.2,Neutral,False,Neutral,False,ONI,-0.1,Neutral,False,3.779101721,Toronto Pearson,South-central,43.68,True,True
toronto,2003,90,90,0,90,90,0,True,True,True,-5.698888889,84.5,19,4,,-3.590391548,30,1991,2020,True,complete,-2.108497341,2002-03,2002-12-01,2003-02-28,100,100,0,monthly_3_and_5_temperature_complete_snow_and_tmin,0.9,0.9,El Nino,False,El Nino,False,ONI,0.9,El Nino,False,-1.996257044,Toronto Pearson,South-central,43.68,True,True
toronto,2004,91,91,0,91,91,0,True,True,True,-4.442857143,99.6,22,8,,-3.590391548,30,1991,2020,True,complete,-0.8524655952,2003-04,2003-12-01,2004-02-29,100,100,0,monthly_3_and_5_temperature_complete_snow_and_tmin,0.3,0.2,Neutral,False,Neutral,False,ONI,0.3,Neutral,False,-0.7878062846,Toronto Pearson,South-central,43.68,True,True
toronto,2005,90,90,0,90,90,0,True,True,True,-4.553333333,103.5,22,8,,-3.590391548,30,1991,2020,True,complete,-0.9629417856,2004-05,2004-12-01,2005-02-28,100,100,0,monthly_3_and_5_temperature_complete_snow_and_tmin,0.6,0.5,El Nino,False,El Nino,False,ONI,0.6,El Nino,False,-0.9458634619,Toronto Pearson,South-central,43.68,True,True
toronto,2006,90,90,0,90,90,0,True,True,True,-2.237777778,71.2,22,0,,-3.590391548,30,1991,2020,True,complete,1.35261377,2005-06,2005-12-01,2006-02-28,100,100,0,monthly_3_and_5_temperature_complete_snow_and_tmin,-0.9,-0.9,La Nina,False,La Nina,False,ONI,-0.9,La Nina,False,1.322111107,Toronto Pearson,South-central,43.68,True,True
toronto,2007,90,90,0,90,90,0,True,True,True,-2.974444444,44.6,11,1,,-3.590391548,30,1991,2020,True,complete,0.6159471032,2006-07,2006-12-01,2007-02-28,100,100,0,monthly_3_and_5_temperature_complete_snow_and_tmin,0.6,0.6,El Nino,False,El Nino,False,ONI,0.6,El Nino,False,0.5378634533,Toronto Pearson,South-central,43.68,True,True
toronto,2008,91,91,0,91,91,0,True,True,True,-3.196703297,144,21,0,,-3.590391548,30,1991,2020,True,complete,0.393688251,2007-08,2007-12-01,2008-02-29,100,100,0,monthly_3_and_5_temperature_complete_snow_and_tmin,-1.8,-1.7,La Nina,False,La Nina,False,ONI,-1.8,La Nina,False,0.2680236142,Toronto Pearson,South-central,43.68,True,True
toronto,2009,90,90,0,90,90,0,True,True,True,-5.235555556,135.2,25,3,,-3.590391548,30,1991,2020,True,complete,-1.645164008,2008-09,2008-12-01,2009-02-28,100,100,0,monthly_3_and_5_temperature_complete_snow_and_tmin,-0.9,-1,La Nina,False,La Nina,False,ONI,-0.9,La Nina,False,-1.818409631,Toronto Pearson,South-central,43.68,True,True
toronto,2010,90,90,0,90,90,0,True,True,True,-3.662222222,52.4,15,0,,-3.590391548,30,1991,2020,True,complete,-0.07183067453,2009-10,2009-12-01,2010-02-28,100,100,0,monthly_3_and_5_temperature_complete_snow_and_tmin,1.5,1.4,El Nino,True,El Nino,False,ONI,1.5,El Nino,True,-0.292657285,Toronto Pearson,South-central,43.68,True,True
toronto,2011,90,90,0,90,90,0,True,True,True,-5.396666667,95.8,22,3,,-3.590391548,30,1991,2020,True,complete,-1.806275119,2010-11,2010-12-01,2011-02-28,100,100,0,monthly_3_and_5_temperature_complete_snow_and_tmin,-1.3,-1.4,La Nina,False,La Nina,False,ONI,-1.3,La Nina,False,-2.074682716,Toronto Pearson,South-central,43.68,True,True
toronto,2012,91,91,0,91,91,0,True,True,True,-0.4263736264,37,12,0,,-3.590391548,30,1991,2020,True,complete,3.164017921,2011-12,2011-12-01,2012-02-29,100,100,0,monthly_3_and_5_temperature_complete_snow_and_tmin,-0.7,-0.8,La Nina,False,La Nina,False,ONI,-0.7,La Nina,False,2.848029337,Toronto Pearson,South-central,43.68,True,True
toronto,2013,90,90,0,90,90,0,True,True,True,-1.883333333,95.9,17,1,,-3.590391548,30,1991,2020,True,complete,1.707058214,2012-13,2012-12-01,2013-02-28,100,100,0,monthly_3_and_5_temperature_complete_snow_and_tmin,-0.2,-0.5,Neutral,False,La Nina,False,ONI,-0.2,Neutral,False,1.343488643,Toronto Pearson,South-central,43.68,True,True
toronto,2014,90,90,0,90,90,0,True,True,True,-7.01,101,25,7,,-3.590391548,30,1991,2020,True,complete,-3.419608452,2013-14,2013-12-01,2014-02-28,100,100,0,monthly_3_and_5_temperature_complete_snow_and_tmin,-0.2,-0.4,Neutral,False,Neutral,False,ONI,-0.2,Neutral,False,-3.83075901,Toronto Pearson,South-central,43.68,True,True
toronto,2015,90,90,0,90,89,0,True,False,True,-6.516666667,,,10,snow_metrics:incomplete_daily_snowfall,-3.590391548,30,1991,2020,True,complete,-2.926275119,2014-15,2014-12-01,2015-02-28,100,98.88888889,0,monthly_3_and_5_temperature_complete_snow_and_tmin,0.7,0.5,El Nino,False,El Nino,False,ONI,0.7,El Nino,False,-3.385006664,Toronto Pearson,South-central,43.68,True,True
toronto,2016,91,91,0,91,91,0,True,True,True,-0.5549450549,31.6,10,2,,-3.590391548,30,1991,2020,True,complete,3.035446493,2015-16,2015-12-01,2016-02-29,100,100,0,monthly_3_and_5_temperature_complete_snow_and_tmin,2.5,2.1,El Nino,True,El Nino,True,ONI,2.5,El Nino,True,2.529133961,Toronto Pearson,South-central,43.68,True,True
toronto,2017,90,90,0,90,90,0,True,True,True,-1.192222222,75.4,14,0,,-3.590391548,30,1991,2020,True,complete,2.398169325,2016-17,2016-12-01,2017-02-28,100,100,0,monthly_3_and_5_temperature_complete_snow_and_tmin,-0.1,-0.6,Neutral,False,La Nina,False,ONI,-0.1,Neutral,False,1.844275807,Toronto Pearson,South-central,43.68,True,True
toronto,2018,90,90,0,90,90,0,True,True,True,-4.286666667,89.3,21,7,,-3.590391548,30,1991,2020,True,complete,-0.696275119,2017-18,2017-12-01,2018-02-28,100,100,0,monthly_3_and_5_temperature_complete_snow_and_tmin,-0.7,-1.1,La Nina,False,La Nina,False,ONI,-0.7,La Nina,False,-1.297749624,Toronto Pearson,South-central,43.68,True,True
toronto,2019,90,90,0,90,90,0,True,True,True,-3.664444444,111.9,17,4,,-3.590391548,30,1991,2020,True,complete,-0.07405289675,2018-19,2018-12-01,2019-02-28,100,100,0,monthly_3_and_5_temperature_complete_snow_and_tmin,1,0.7,El Nino,False,El Nino,False,ONI,1,El Nino,False,-0.7231083888,Toronto Pearson,South-central,43.68,True,True
toronto,2020,91,91,0,91,91,0,True,True,True,-1.771428571,113,24,1,,-3.590391548,30,1991,2020,True,complete,1.818962976,2019-20,2019-12-01,2020-02-29,100,100,0,monthly_3_and_5_temperature_complete_snow_and_tmin,0.7,0.1,El Nino,False,Neutral,False,ONI,0.7,El Nino,False,1.122326497,Toronto Pearson,South-central,43.68,True,True
toronto,2021,90,88,2,87,81,0,True,False,False,-2.567816092,,,,snow_metrics:incomplete_daily_snowfall;cold_days:incomplete_daily_tmin,-3.590391548,30,1991,2020,True,complete,1.022575456,2020-21,2020-12-01,2021-02-28,96.66666667,90,0,monthly_3_and_5_temperature_complete_snow_and_tmin,-1,-1.3,La Nina,False,La Nina,False,ONI,-1,La Nina,False,0.27835799,Toronto Pearson,South-central,43.68,True,True
toronto,2022,90,89,1,82,89,0,True,False,False,-3.56097561,,,,snow_metrics:incomplete_daily_snowfall;cold_days:incomplete_daily_tmin,-3.590391548,30,1991,2020,True,complete,0.02941593794,2021-22,2021-12-01,2022-02-28,91.11111111,98.88888889,0,monthly_3_and_5_temperature_complete_snow_and_tmin,-0.8,-1.2,La Nina,False,La Nina,False,ONI,-0.8,La Nina,False,-0.7623825146,Toronto Pearson,South-central,43.68,True,True
toronto,2023,90,90,0,90,90,0,True,True,True,-0.93,79.1,14,2,,-3.590391548,30,1991,2020,True,complete,2.660391548,2022-23,2022-12-01,2023-02-28,100,100,0,monthly_3_and_5_temperature_complete_snow_and_tmin,-0.5,-0.9,La Nina,False,La Nina,False,ONI,-0.5,La Nina,False,1.821012108,Toronto Pearson,South-central,43.68,True,True
toronto,2024,91,91,0,91,90,0,True,False,True,0.2582417582,,,0,snow_metrics:incomplete_daily_snowfall,-3.590391548,30,1991,2020,True,complete,3.848633306,2023-24,2023-12-01,2024-02-29,100,98.9010989,0,monthly_3_and_5_temperature_complete_snow_and_tmin,1.8,1.1,El Nino,True,El Nino,False,ONI,1.8,El Nino,True,2.96167288,Toronto Pearson,South-central,43.68,True,True
toronto,2025,90,90,0,90,89,0,True,False,True,-3.63,,,0,snow_metrics:incomplete_daily_snowfall,-3.590391548,30,1991,2020,True,complete,-0.03960845231,2024-25,2024-12-01,2025-02-28,100,98.88888889,0,monthly_3_and_5_temperature_complete_snow_and_tmin,-0.5,-1.1,La Nina,False,La Nina,False,ONI,-0.5,La Nina,False,-0.9741498654,Toronto Pearson,South-central,43.68,True,True
toronto,2026,90,90,0,90,90,0,True,True,True,-5.068888889,160.2,26,5,,-3.590391548,30,1991,2020,True,complete,-1.478497341,2025-26,2025-12-01,2026-02-28,100,100,0,monthly_3_and_5_temperature_complete_snow_and_tmin,-0.4,-0.9,Neutral,False,La Nina,False,ONI,-0.4,Neutral,False,-2.460619741,Toronto Pearson,South-central,43.68,True,True
windsor,1982,90,90,0,90,90,0,True,True,True,-5.668888889,138.9,23,8,,-2.208232867,25,1991,2020,False,partial_available_winter_average,-3.460656022,1981-82,1981-12-01,1982-02-28,100,100,0,monthly_3_and_5_temperature_complete_snow_and_tmin,0,0.1,Neutral,False,Neutral,False,ONI,0,Neutral,False,-2.885762049,Windsor,Southwest,42.28,True,True
windsor,1983,90,90,0,90,90,0,True,True,True,0.01,17.4,5,0,,-2.208232867,25,1991,2020,False,partial_available_winter_average,2.218232867,1982-83,1982-12-01,1983-02-28,100,100,0,monthly_3_and_5_temperature_complete_snow_and_tmin,2.1,2.4,El Nino,True,El Nino,True,ONI,2.1,El Nino,True,2.774808357,Windsor,Southwest,42.28,True,True
windsor,1984,91,91,0,91,91,0,True,True,True,-4.518681319,94,20,8,,-2.208232867,25,1991,2020,False,partial_available_winter_average,-2.310448452,1983-84,1983-12-01,1984-02-29,100,100,0,monthly_3_and_5_temperature_complete_snow_and_tmin,-0.6,-0.6,La Nina,False,La Nina,False,ONI,-0.6,La Nina,False,-1.772191446,Windsor,Southwest,42.28,True,True
windsor,1985,90,90,0,90,90,0,True,True,True,-3.302222222,126.6,21,3,,-2.208232867,25,1991,2020,False,partial_available_winter_average,-1.093989355,1984-85,1984-12-01,1985-02-28,100,100,0,monthly_3_and_5_temperature_complete_snow_and_tmin,-1,-0.8,La Nina,False,La Nina,False,ONI,-1,La Nina,False,-0.574050833,Windsor,Southwest,42.28,True,True
windsor,1986,90,90,0,90,90,0,True,True,True,-4.508888889,136.8,29,0,,-2.208232867,25,1991,2020,False,partial_available_winter_average,-2.300656022,1985-86,1985-12-01,1986-02-28,100,100,0,monthly_3_and_5_temperature_complete_snow_and_tmin,-0.4,-0.3,Neutral,False,Neutral,False,ONI,-0.4,Neutral,False,-1.799035983,Windsor,Southwest,42.28,True,True
windsor,1987,90,90,0,90,90,0,True,True,True,-1.807777778,79.1,15,0,,-2.208232867,25,1991,2020,False,partial_available_winter_average,0.4004550894,1986-87,1986-12-01,1987-02-28,100,100,0,monthly_3_and_5_temperature_complete_snow_and_tmin,1.2,1.5,El Nino,False,El Nino,True,ONI,1.2,El Nino,False,0.883756644,Windsor,Southwest,42.28,True,True
windsor,1988,91,91,0,91,91,0,True,True,True,-2.756043956,105.8,17,0,,-2.208232867,25,1991,2020,False,partial_available_winter_average,-0.5478110889,1987-88,1987-12-01,1988-02-29,100,100,0,monthly_3_and_5_temperature_complete_snow_and_tmin,0.6,0.5,El Nino,False,El Nino,False,ONI,0.6,El Nino,False,-0.08282801796,Windsor,Southwest,42.28,True,True
windsor,1989,90,90,0,90,90,0,True,True,True,-1.832222222,66.8,18,0,,-2.208232867,25,1991,2020,False,partial_available_winter_average,0.3760106449,1988-89,1988-12-01,1989-02-28,100,100,0,monthly_3_and_5_temperature_complete_snow_and_tmin,-1.6,-1.6,La Nina,False,La Nina,False,ONI,-1.6,La Nina,False,0.8226752322,Windsor,Southwest,42.28,True,True
windsor,1990,90,90,0,90,90,0,True,True,True,-2.753333333,72.9,20,4,,-2.208232867,25,1991,2020,False,partial_available_winter_average,-0.5451004662,1989-90,1989-12-01,1990-02-28,100,100,0,monthly_3_and_5_temperature_complete_snow_and_tmin,0.2,0.3,Neutral,False,Neutral,False,ONI,0.2,Neutral,False,-0.1167543627,Windsor,Southwest,42.28,True,True
windsor,1991,90,90,0,90,90,0,True,True,True,-1.622222222,81.4,17,0,,-2.208232867,25,1991,2020,False,partial_available_winter_average,0.5860106449,1990-91,1990-12-01,1991-02-28,100,100,0,monthly_3_and_5_temperature_complete_snow_and_tmin,0.4,0.6,Neutral,False,El Nino,False,ONI,0.4,Neutral,False,0.9960382647,Windsor,Southwest,42.28,True,True
windsor,1992,91,91,0,91,91,0,True,True,True,-1.330769231,84.2,18,0,,-2.208232867,25,1991,2020,False,partial_available_winter_average,0.8774636364,1991-92,1991-12-01,1992-02-29,100,100,0,monthly_3_and_5_temperature_complete_snow_and_tmin,1.5,2.1,El Nino,True,El Nino,True,ONI,1.5,El Nino,True,1.269172772,Windsor,Southwest,42.28,True,True
windsor,1993,90,67,23,67,67,0,False,False,False,,,,,temperature:monthly_3_and_5_failed;snow_metrics:incomplete_daily_snowfall;cold_days:incomplete_daily_tmin,-2.208232867,25,1991,2020,False,partial_available_winter_average,,1992-93,1992-12-01,1993-02-28,74.44444444,74.44444444,0,monthly_3_and_5_temperature_complete_snow_and_tmin,0.1,0.6,Neutral,False,El Nino,False,ONI,0.1,Neutral,False,,Windsor,Southwest,42.28,True,True
windsor,1994,90,88,2,88,88,0,True,False,False,-5.596590909,,,,snow_metrics:incomplete_daily_snowfall;cold_days:incomplete_daily_tmin,-2.208232867,25,1991,2020,False,partial_available_winter_average,-3.388358042,1993-94,1993-12-01,1994-02-28,97.77777778,97.77777778,0,monthly_3_and_5_temperature_complete_snow_and_tmin,0.1,0.3,Neutral,False,Neutral,False,ONI,0.1,Neutral,False,-3.033285873,Windsor,Southwest,42.28,True,True
windsor,1995,90,90,0,90,90,0,True,True,True,-1.734444444,81.6,14,0,,-2.208232867,25,1991,2020,False,partial_available_winter_average,0.4737884227,1994-95,1994-12-01,1995-02-28,100,100,0,monthly_3_and_5_temperature_complete_snow_and_tmin,0.9,1.2,El Nino,False,El Nino,False,ONI,0.9,El Nino,False,0.8105421077,Windsor,Southwest,42.28,True,True
windsor,1996,91,91,0,91,91,0,True,True,True,-3.797802198,63.8,16,1,,-2.208232867,25,1991,2020,False,partial_available_winter_average,-1.589569331,1995-96,1995-12-01,1996-02-29,100,100,0,monthly_3_and_5_temperature_complete_snow_and_tmin,-0.9,-0.9,La Nina,False,La Nina,False,ONI,-0.9,La Nina,False,-1.271134129,Windsor,Southwest,42.28,True,True
windsor,1997,90,90,0,90,90,0,True,True,True,-2.095555556,114.6,27,0,,-2.208232867,25,1991,2020,False,partial_available_winter_average,0.1126773116,1996-97,1996-12-01,1997-02-28,100,100,0,monthly_3_and_5_temperature_complete_snow_and_tmin,-0.4,-0.2,Neutral,False,Neutral,False,ONI,-0.4,Neutral,False,0.4127940291,Windsor,Southwest,42.28,True,True
windsor,1998,90,90,0,90,90,0,True,True,True,0.7677777778,47.9,9,0,,-2.208232867,25,1991,2020,False,partial_available_winter_average,2.976010645,1997-98,1997-12-01,1998-02-28,100,100,0,monthly_3_and_5_temperature_complete_snow_and_tmin,2.2,2.1,El Nino,True,El Nino,True,ONI,2.2,El Nino,True,3.257808879,Windsor,Southwest,42.28,True,True
windsor,1999,90,90,0,90,90,0,True,True,True,-1.055555556,112.2,19,1,,-2.208232867,25,1991,2020,False,partial_available_winter_average,1.152677312,1998-99,1998-12-01,1999-02-28,100,100,0,monthly_3_and_5_temperature_complete_snow_and_tmin,-1.5,-1.6,La Nina,False,La Nina,False,ONI,-1.5,La Nina,False,1.416157062,Windsor,Southwest,42.28,True,True
windsor,2000,91,91,0,91,91,0,True,True,True,-1.474725275,83,18,0,,-2.208232867,25,1991,2020,False,partial_available_winter_average,0.7335075924,1999-00,1999-12-01,2000-02-29,100,100,0,monthly_3_and_5_temperature_complete_snow_and_tmin,-1.5,-1.5,La Nina,False,La Nina,False,ONI,-1.5,La Nina,False,0.9786688588,Windsor,Southwest,42.28,True,True
windsor,2001,90,90,0,90,90,0,True,True,True,-3.923333333,116,25,0,,-2.208232867,25,1991,2020,False,partial_available_winter_average,-1.715100466,2000-01,2000-12-01,2001-02-28,100,100,0,monthly_3_and_5_temperature_complete_snow_and_tmin,-0.8,-0.8,La Nina,False,La Nina,False,ONI,-0.8,La Nina,False,-1.488257683,Windsor,Southwest,42.28,True,True
windsor,2002,90,90,0,90,90,0,True,True,True,0.9811111111,71.7,16,0,,-2.208232867,25,1991,2020,False,partial_available_winter_average,3.189343978,2001-02,2001-12-01,2002-02-28,100,100,0,monthly_3_and_5_temperature_complete_snow_and_tmin,-0.1,-0.2,Neutral,False,Neutral,False,ONI,-0.1,Neutral,False,3.397868277,Windsor,Southwest,42.28,True,True
windsor,2003,90,90,0,90,90,0,True,True,True,-4.508888889,123.6,24,0,,-2.208232867,25,1991,2020,False,partial_available_winter_average,-2.300656022,2002-03,2002-12-01,2003-02-28,100,100,0,monthly_3_and_5_temperature_complete_snow_and_tmin,0.9,0.9,El Nino,False,El Nino,False,ONI,0.9,El Nino,False,-2.110450206,Windsor,Southwest,42.28,True,True
windsor,2004,91,91,0,91,91,0,True,True,True,-2.704395604,83.8,18,2,,-2.208232867,25,1991,2020,False,partial_available_winter_average,-0.4961627373,2003-04,2003-12-01,2004-02-29,100,100,0,monthly_3_and_5_temperature_complete_snow_and_tmin,0.3,0.2,Neutral,False,Neutral,False,ONI,0.3,Neutral,False,-0.3242754057,Windsor,Southwest,42.28,True,True
windsor,2005,90,90,0,90,90,0,True,True,True,-2.732222222,157.2,24,0,,-2.208232867,25,1991,2020,False,partial_available_winter_average,-0.5239893551,2004-05,2004-12-01,2005-02-28,100,100,0,monthly_3_and_5_temperature_complete_snow_and_tmin,0.6,0.5,El Nino,False,El Nino,False,ONI,0.6,El Nino,False,-0.3704205072,Windsor,Southwest,42.28,True,True
windsor,2006,90,90,0,90,90,0,True,True,True,-0.8044444444,100.8,25,0,,-2.208232867,25,1991,2020,False,partial_available_winter_average,1.403788423,2005-06,2005-12-01,2006-02-28,100,100,0,monthly_3_and_5_temperature_complete_snow_and_tmin,-0.9,-0.9,La Nina,False,La Nina,False,ONI,-0.9,La Nina,False,1.539038787,Windsor,Southwest,42.28,True,True
windsor,2007,90,90,0,90,90,0,True,True,True,-1.654444444,60.5,15,0,,-2.208232867,25,1991,2020,False,partial_available_winter_average,0.5537884227,2006-07,2006-12-01,2007-02-28,100,100,0,monthly_3_and_5_temperature_complete_snow_and_tmin,0.6,0.6,El Nino,False,El Nino,False,ONI,0.6,El Nino,False,0.6707203031,Windsor,Southwest,42.28,True,True
windsor,2008,91,91,0,91,91,0,True,True,True,-2.17032967,131.9,26,0,,-2.208232867,25,1991,2020,False,partial_available_winter_average,0.0379031968,2007-08,2007-12-01,2008-02-29,100,100,0,monthly_3_and_5_temperature_complete_snow_and_tmin,-1.8,-1.7,La Nina,False,La Nina,False,ONI,-1.8,La Nina,False,0.1365165935,Windsor,Southwest,42.28,True,True
windsor,2009,90,90,0,90,90,0,True,True,True,-4.044444444,158.8,28,2,,-2.208232867,25,1991,2020,False,partial_available_winter_average,-1.836211577,2008-09,2008-12-01,2009-02-28,100,100,0,monthly_3_and_5_temperature_complete_snow_and_tmin,-0.9,-1,La Nina,False,La Nina,False,ONI,-0.9,La Nina,False,-1.755916664,Windsor,Southwest,42.28,True,True
windsor,2010,90,90,0,90,90,0,True,True,True,-2.6,112.7,25,0,,-2.208232867,25,1991,2020,False,partial_available_winter_average,-0.3917671329,2009-10,2009-12-01,2010-02-28,100,100,0,monthly_3_and_5_temperature_complete_snow_and_tmin,1.5,1.4,El Nino,True,El Nino,False,ONI,1.5,El Nino,True,-0.3297907035,Windsor,Southwest,42.28,True,True
windsor,2011,90,90,0,90,90,0,True,True,True,-4.331111111,178,27,0,,-2.208232867,25,1991,2020,False,partial_available_winter_average,-2.122878244,2010-11,2010-12-01,2011-02-28,100,100,0,monthly_3_and_5_temperature_complete_snow_and_tmin,-1.3,-1.4,La Nina,False,La Nina,False,ONI,-1.3,La Nina,False,-2.079220298,Windsor,Southwest,42.28,True,True
windsor,2012,91,91,0,91,91,0,True,True,True,0.532967033,84,19,0,,-2.208232867,25,1991,2020,False,partial_available_winter_average,2.7411999,2011-12,2011-12-01,2012-02-29,100,100,0,monthly_3_and_5_temperature_complete_snow_and_tmin,-0.7,-0.8,La Nina,False,La Nina,False,ONI,-0.7,La Nina,False,2.766539362,Windsor,Southwest,42.28,True,True
windsor,2013,90,90,0,90,90,0,True,True,True,-0.8922222222,119.6,20,0,,-2.208232867,25,1991,2020,False,partial_available_winter_average,1.316010645,2012-13,2012-12-01,2013-02-28,100,100,0,monthly_3_and_5_temperature_complete_snow_and_tmin,-0.2,-0.5,Neutral,False,La Nina,False,ONI,-0.2,Neutral,False,1.323031623,Windsor,Southwest,42.28,True,True
windsor,2014,90,90,0,90,90,0,True,True,True,-5.895555556,205.8,36,5,,-2.208232867,25,1991,2020,False,partial_available_winter_average,-3.687322688,2013-14,2013-12-01,2014-02-28,100,100,0,monthly_3_and_5_temperature_complete_snow_and_tmin,-0.2,-0.4,Neutral,False,Neutral,False,ONI,-0.2,Neutral,False,-3.698620194,Windsor,Southwest,42.28,True,True
windsor,2015,90,0,90,0,0,0,False,False,False,,,,,temperature:monthly_3_and_5_failed;snow_metrics:incomplete_daily_snowfall;cold_days:incomplete_daily_tmin,-2.208232867,25,1991,2020,False,partial_available_winter_average,,2014-15,2014-12-01,2015-02-28,0,0,,monthly_3_and_5_temperature_complete_snow_and_tmin,0.7,0.5,El Nino,False,El Nino,False,ONI,0.7,El Nino,False,,Windsor,Southwest,42.28,True,True
windsor,2016,91,0,91,0,0,0,False,False,False,,,,,temperature:monthly_3_and_5_failed;snow_metrics:incomplete_daily_snowfall;cold_days:incomplete_daily_tmin,-2.208232867,25,1991,2020,False,partial_available_winter_average,,2015-16,2015-12-01,2016-02-29,0,0,,monthly_3_and_5_temperature_complete_snow_and_tmin,2.5,2.1,El Nino,True,El Nino,True,ONI,2.5,El Nino,True,,Windsor,Southwest,42.28,True,True
windsor,2017,90,0,90,0,0,0,False,False,False,,,,,temperature:monthly_3_and_5_failed;snow_metrics:incomplete_daily_snowfall;cold_days:incomplete_daily_tmin,-2.208232867,25,1991,2020,False,partial_available_winter_average,,2016-17,2016-12-01,2017-02-28,0,0,,monthly_3_and_5_temperature_complete_snow_and_tmin,-0.1,-0.6,Neutral,False,La Nina,False,ONI,-0.1,Neutral,False,,Windsor,Southwest,42.28,True,True
windsor,2018,90,0,90,0,0,0,False,False,False,,,,,temperature:monthly_3_and_5_failed;snow_metrics:incomplete_daily_snowfall;cold_days:incomplete_daily_tmin,-2.208232867,25,1991,2020,False,partial_available_winter_average,,2017-18,2017-12-01,2018-02-28,0,0,,monthly_3_and_5_temperature_complete_snow_and_tmin,-0.7,-1.1,La Nina,False,La Nina,False,ONI,-0.7,La Nina,False,,Windsor,Southwest,42.28,True,True
windsor,2019,90,90,0,90,0,0,True,False,True,-2.294444444,,,4,snow_metrics:incomplete_daily_snowfall,-2.208232867,25,1991,2020,False,partial_available_winter_average,-0.08621157731,2018-19,2018-12-01,2019-02-28,100,0,0,monthly_3_and_5_temperature_complete_snow_and_tmin,1,0.7,El Nino,False,El Nino,False,ONI,1,El Nino,False,-0.1891015014,Windsor,Southwest,42.28,True,True
windsor,2020,91,91,0,91,0,0,True,False,True,-0.2241758242,,,0,snow_metrics:incomplete_daily_snowfall,-2.208232867,25,1991,2020,False,partial_available_winter_average,1.984057043,2019-20,2019-12-01,2020-02-29,100,0,0,monthly_3_and_5_temperature_complete_snow_and_tmin,0.7,0.1,El Nino,False,Neutral,False,ONI,0.7,El Nino,False,1.862848635,Windsor,Southwest,42.28,True,True
windsor,2021,90,90,0,90,0,0,True,False,True,-2.144444444,,,1,snow_metrics:incomplete_daily_snowfall,-2.208232867,25,1991,2020,False,partial_available_winter_average,0.06378842269,2020-21,2020-12-01,2021-02-28,100,0,0,monthly_3_and_5_temperature_complete_snow_and_tmin,-1,-1.3,La Nina,False,La Nina,False,ONI,-1,La Nina,False,-0.07573846881,Windsor,Southwest,42.28,True,True
windsor,2022,90,90,0,90,0,0,True,False,True,-2.632222222,,,1,snow_metrics:incomplete_daily_snowfall,-2.208232867,25,1991,2020,False,partial_available_winter_average,-0.4239893551,2021-22,2021-12-01,2022-02-28,100,0,0,monthly_3_and_5_temperature_complete_snow_and_tmin,-0.8,-1.2,La Nina,False,La Nina,False,ONI,-0.8,La Nina,False,-0.5818347303,Windsor,Southwest,42.28,True,True
windsor,2023,90,89,1,89,0,0,True,False,False,0.2561797753,,,,snow_metrics:incomplete_daily_snowfall;cold_days:incomplete_daily_tmin,-2.208232867,25,1991,2020,False,partial_available_winter_average,2.464412642,2022-23,2022-12-01,2023-02-28,98.88888889,0,0,monthly_3_and_5_temperature_complete_snow_and_tmin,-0.5,-0.9,La Nina,False,La Nina,False,ONI,-0.5,La Nina,False,2.288248783,Windsor,Southwest,42.28,True,True
windsor,2024,91,82,9,82,0,0,False,False,False,,,,,temperature:monthly_3_and_5_failed;snow_metrics:incomplete_daily_snowfall;cold_days:incomplete_daily_tmin,-2.208232867,25,1991,2020,False,partial_available_winter_average,,2023-24,2023-12-01,2024-02-29,90.10989011,0,0,monthly_3_and_5_temperature_complete_snow_and_tmin,1.8,1.1,El Nino,True,El Nino,False,ONI,1.8,El Nino,True,,Windsor,Southwest,42.28,True,True
windsor,2025,90,90,0,90,0,0,True,False,True,-2.891111111,,,0,snow_metrics:incomplete_daily_snowfall,-2.208232867,25,1991,2020,False,partial_available_winter_average,-0.682878244,2024-25,2024-12-01,2025-02-28,100,0,0,monthly_3_and_5_temperature_complete_snow_and_tmin,-0.5,-1.1,La Nina,False,La Nina,False,ONI,-0.5,La Nina,False,-0.8956790703,Windsor,Southwest,42.28,True,True
windsor,2026,90,90,0,90,0,0,True,False,True,-4.15,,,3,snow_metrics:incomplete_daily_snowfall,-2.208232867,25,1991,2020,False,partial_available_winter_average,-1.941767133,2025-26,2025-12-01,2026-02-28,100,0,0,monthly_3_and_5_temperature_complete_snow_and_tmin,-0.4,-0.9,Neutral,False,La Nina,False,ONI,-0.4,Neutral,False,-2.172886443,Windsor,Southwest,42.28,True,True
