"Longitude (x)","Latitude (y)","Station Name","Climate ID","Date/Time","Year","Month","Day","Data Quality","Max Temp (°C)","Max Temp Flag","Min Temp (°C)","Min Temp Flag","Mean Temp (°C)","Mean Temp Flag","Heat Deg Days (°C)","Heat Deg Days Flag","Cool Deg Days (°C)","Cool Deg Days Flag","Total Rain (mm)","Total Rain Flag","Total Snow (cm)","Total Snow Flag","Total Precip (mm)","Total Precip Flag","Snow on Grnd (cm)","Snow on Grnd Flag","Dir of Max Gust (10s deg)","Dir of Max Gust Flag","Spd of Max Gust (km/h)","Spd of Max Gust Flag"
"-89.33","48.37","THUNDER BAY A","6048261","1983-01-01","1983","01","01","","-5.6","","-18.0","","-11.8","","29.8","","0.0","","0.0","","2.0","","1.4","","25","","29","","43",""
"-89.33","48.37","THUNDER BAY A","6048261","1983-01-02","1983","01","02","","-11.7","","-27.6","","-19.7","","37.7","","0.0","","0.0","","0.0","","0.0","","24","","29","","35",""
"-89.33","48.37","THUNDER BAY A","6048261","1983-01-03","1983","01","03","","-3.9","","-17.5","","-10.7","","28.7","","0.0","","0.0","","0.4","","0.2","","24","","14","","50",""
"-89.33","48.37","THUNDER BAY A","6048261","1983-01-04","1983","01","04","","0.5","","-4.2","","-1.9","","19.9","","0.0","","0.0","","1.4","","0.8","","24","","28","","69",""
"-89.33","48.37","THUNDER BAY A","6048261","1983-01-05","1983","01","05","","-1.8","","-5.2","","-3.5","","21.5","","0.0","","0.0","","0.0","T","0.0","T","25","","28","","35",""
"-89.33","48.37","THUNDER BAY A","6048261","1983-01-06","1983","01","06","","-0.1","","-5.0","","-2.6","","20.6","","0.0","","0.0","","3.3","","3.3","","25","","36","","52",""
"-89.33","48.37","THUNDER BAY A","6048261","1983-01-07","1983","01","07","","-4.9","","-16.7","","-10.8","","28.8","","0.0","","0.0","","0.0","T","0.0","T","26","","27","","43",""
"-89.33","48.37","THUNDER BAY A","6048261","1983-01-08","1983","01","08","","-1.7","","-19.4","","-10.6","","28.6","","0.0","","0.0","","0.0","","0.0","","25","","15","","31",""
"-89.33","48.37","THUNDER BAY A","6048261","1983-01-09","1983","01","09","","2.1","","-2.0","","0.1","","17.9","","0.0","","2.4","","1.7","","4.1","","24","","22","","44",""
"-89.33","48.37","THUNDER BAY A","6048261","1983-01-10","1983","01","10","","2.0","","-4.0","","-1.0","","19.0","","0.0","","0.2","","2.8","","3.2","","20","","1","","43",""
"-89.33","48.37","THUNDER BAY A","6048261","1983-01-11","1983","01","11","","-4.0","","-22.0","","-13.0","","31.0","","0.0","","0.0","","0.0","","0.0","","19","","33","","46",""
"-89.33","48.37","THUNDER BAY A","6048261","1983-01-12","1983","01","12","","-9.1","","-24.1","","-16.6","","34.6","","0.0","","0.0","","3.4","","1.4","","19","","34","","33",""
"-89.33","48.37","THUNDER BAY A","6048261","1983-01-13","1983","01","13","","-10.2","","-23.4","","-16.8","","34.8","","0.0","","0.0","","2.6","","2.6","","23","","","","<31",""
"-89.33","48.37","THUNDER BAY A","6048261","1983-01-14","1983","01","14","","-10.0","","-25.2","","-17.6","","35.6","","0.0","","0.0","","4.6","","4.6","","30","","8","","43",""
"-89.33","48.37","THUNDER BAY A","6048261","1983-01-15","1983","01","15","","-13.4","","-25.3","","-19.4","","37.4","","0.0","","0.0","","0.0","","0.0","","30","","","","<31",""
"-89.33","48.37","THUNDER BAY A","6048261","1983-01-16","1983","01","16","","-9.9","","-18.4","","-14.2","","32.2","","0.0","","0.0","","4.2","","2.0","","31","","8","","44",""
"-89.33","48.37","THUNDER BAY A","6048261","1983-01-17","1983","01","17","","-16.4","","-25.9","","-21.2","","39.2","","0.0","","0.0","","0.0","T","0.0","T","33","","","","<31",""
"-89.33","48.37","THUNDER BAY A","6048261","1983-01-18","1983","01","18","","-17.4","","-29.0","","-23.2","","41.2","","0.0","","0.0","","0.0","","0.0","","33","","","","<31",""
"-89.33","48.37","THUNDER BAY A","6048261","1983-01-19","1983","01","19","","-5.3","","-28.0","","-16.7","","34.7","","0.0","","0.0","","0.4","","0.2","","33","","","","<31",""
"-89.33","48.37","THUNDER BAY A","6048261","1983-01-20","1983","01","20","","-2.5","","-18.2","","-10.4","","28.4","","0.0","","0.0","","0.0","","0.0","","33","","","","<31",""
"-89.33","48.37","THUNDER BAY A","6048261","1983-01-21","1983","01","21","","-3.2","","-19.9","","-11.6","","29.6","","0.0","","0.0","","0.0","T","0.0","T","32","","","","<31",""
"-89.33","48.37","THUNDER BAY A","6048261","1983-01-22","1983","01","22","","-1.3","","-18.0","","-9.7","","27.7","","0.0","","0.0","","0.0","","0.0","","31","","","","<31",""
"-89.33","48.37","THUNDER BAY A","6048261","1983-01-23","1983","01","23","","0.5","","-5.2","","-2.4","","20.4","","0.0","","0.0","T","0.0","T","0.0","T","30","","","","<31",""
"-89.33","48.37","THUNDER BAY A","6048261","1983-01-24","1983","01","24","","-1.1","","-15.2","","-8.2","","26.2","","0.0","","0.0","","0.0","T","0.0","T","29","","32","","43",""
"-89.33","48.37","THUNDER BAY A","6048261","1983-01-25","1983","01","25","","-14.4","","-24.3","","-19.4","","37.4","","0.0","","0.0","","0.0","T","0.0","T","26","","32","","31",""
"-89.33","48.37","THUNDER BAY A","6048261","1983-01-26","1983","01","26","","-15.9","","-24.4","","-20.2","","38.2","","0.0","","0.0","","0.0","","0.0","","26","","31","","35",""
"-89.33","48.37","THUNDER BAY A","6048261","1983-01-27","1983","01","27","","-6.3","","-27.6","","-17.0","","35.0","","0.0","","0.0","","0.0","T","0.0","T","26","","","","<31",""
"-89.33","48.37","THUNDER BAY A","6048261","1983-01-28","1983","01","28","","-0.3","","-6.6","","-3.5","","21.5","","0.0","","0.0","T","0.0","T","0.0","T","26","","22","","35",""
"-89.33","48.37","THUNDER BAY A","6048261","1983-01-29","1983","01","29","","1.2","","-1.4","","-0.1","","18.1","","0.0","","1.4","","10.4","","12.8","","24","","","","<31",""
"-89.33","48.37","THUNDER BAY A","6048261","1983-01-30","1983","01","30","","-1.4","","-11.6","","-6.5","","24.5","","0.0","","0.0","","0.4","","0.4","","31","","33","","33",""
"-89.33","48.37","THUNDER BAY A","6048261","1983-01-31","1983","01","31","","-7.0","","-18.8","","-12.9","","30.9","","0.0","","0.0","","0.2","","0.2","","31","","","","<31",""
"-89.33","48.37","THUNDER BAY A","6048261","1983-02-01","1983","02","01","","-4.3","","-20.9","","-12.6","","30.6","","0.0","","0.0","","0.0","","0.0","","31","","","","<31",""
"-89.33","48.37","THUNDER BAY A","6048261","1983-02-02","1983","02","02","","-8.2","","-16.7","","-12.5","","30.5","","0.0","","0.0","","0.0","T","0.0","T","31","","3","","48",""
"-89.33","48.37","THUNDER BAY A","6048261","1983-02-03","1983","02","03","","-13.1","","-20.0","","-16.6","","34.6","","0.0","","0.0","","0.0","","0.0","","31","","3","","33",""
"-89.33","48.37","THUNDER BAY A","6048261","1983-02-04","1983","02","04","","-12.9","","-26.3","","-19.6","","37.6","","0.0","","0.0","","0.0","","0.0","","31","","","","<31",""
"-89.33","48.37","THUNDER BAY A","6048261","1983-02-05","1983","02","05","","-12.4","","-24.0","","-18.2","","36.2","","0.0","","0.0","","0.8","","0.8","","31","","","","<31",""
"-89.33","48.37","THUNDER BAY A","6048261","1983-02-06","1983","02","06","","-14.2","","-29.4","","-21.8","","39.8","","0.0","","0.0","","0.0","","0.0","","32","","","","<31",""
"-89.33","48.37","THUNDER BAY A","6048261","1983-02-07","1983","02","07","","-7.7","","-29.4","","-18.6","","36.6","","0.0","","0.0","","0.0","","0.0","","32","","","","<31",""
"-89.33","48.37","THUNDER BAY A","6048261","1983-02-08","1983","02","08","","-10.4","","-18.4","","-14.4","","32.4","","0.0","","0.0","","0.0","","0.0","","32","","","","<31",""
"-89.33","48.37","THUNDER BAY A","6048261","1983-02-09","1983","02","09","","-9.5","","-17.4","","-13.5","","31.5","","0.0","","0.0","","1.9","","1.6","","32","","8","","35",""
"-89.33","48.37","THUNDER BAY A","6048261","1983-02-10","1983","02","10","","-3.5","","-9.8","","-6.7","","24.7","","0.0","","0.0","","4.0","","2.4","","35","","","","<31",""
"-89.33","48.37","THUNDER BAY A","6048261","1983-02-11","1983","02","11","","-1.6","","-5.7","","-3.7","","21.7","","0.0","","0.0","","2.5","","2.0","","37","","","","<31",""
"-89.33","48.37","THUNDER BAY A","6048261","1983-02-12","1983","02","12","","0.3","","-5.7","","-2.7","","20.7","","0.0","","0.0","","0.0","T","0.0","T","39","","20","","33",""
"-89.33","48.37","THUNDER BAY A","6048261","1983-02-13","1983","02","13","","3.6","","-0.8","","1.4","","16.6","","0.0","","0.0","","0.0","","0.0","","38","","21","","41",""
"-89.33","48.37","THUNDER BAY A","6048261","1983-02-14","1983","02","14","","4.8","","-1.1","","1.9","","16.1","","0.0","","0.0","T","0.0","T","0.0","T","36","","","","<31",""
"-89.33","48.37","THUNDER BAY A","6048261","1983-02-15","1983","02","15","","1.7","","-2.2","","-0.3","","18.3","","0.0","","0.0","","0.0","T","0.0","T","30","","","","<31",""
"-89.33","48.37","THUNDER BAY A","6048261","1983-02-16","1983","02","16","","3.3","","-0.3","","1.5","","16.5","","0.0","","0.0","T","0.0","","0.0","T","28","","","","<31",""
"-89.33","48.37","THUNDER BAY A","6048261","1983-02-17","1983","02","17","","2.1","","-8.9","","-3.4","","21.4","","0.0","","0.0","","0.2","","0.2","","25","","31","","46",""
"-89.33","48.37","THUNDER BAY A","6048261","1983-02-18","1983","02","18","","-4.7","","-9.7","","-7.2","","25.2","","0.0","","0.0","","5.2","","4.5","","29","","5","","44",""
"-89.33","48.37","THUNDER BAY A","6048261","1983-02-19","1983","02","19","","-3.1","","-8.0","","-5.6","","23.6","","0.0","","0.0","","10.4","","9.8","","32","","5","","44",""
"-89.33","48.37","THUNDER BAY A","6048261","1983-02-20","1983","02","20","","0.1","","-5.2","","-2.6","","20.6","","0.0","","0.0","T","6.9","","6.9","","41","","29","","33",""
"-89.33","48.37","THUNDER BAY A","6048261","1983-02-21","1983","02","21","","-2.1","","-4.8","","-3.5","","21.5","","0.0","","0.0","","0.0","T","0.0","T","45","","","","<31",""
"-89.33","48.37","THUNDER BAY A","6048261","1983-02-22","1983","02","22","","3.6","","-2.9","","0.4","","17.6","","0.0","","0.0","","0.0","","0.0","","43","","27","","39",""
"-89.33","48.37","THUNDER BAY A","6048261","1983-02-23","1983","02","23","","0.9","","-8.4","","-3.8","","21.8","","0.0","","0.0","","0.0","T","0.0","T","41","","30","","39",""
"-89.33","48.37","THUNDER BAY A","6048261","1983-02-24","1983","02","24","","-4.4","","-14.1","","-9.3","","27.3","","0.0","","0.0","","0.0","","0.0","","39","","35","","37",""
"-89.33","48.37","THUNDER BAY A","6048261","1983-02-25","1983","02","25","","-4.4","","-19.9","","-12.2","","30.2","","0.0","","0.0","","0.0","","0.0","","39","","","","<31",""
"-89.33","48.37","THUNDER BAY A","6048261","1983-02-26","1983","02","26","","1.2","","-18.4","","-8.6","","26.6","","0.0","","0.0","","0.0","","0.0","","39","","18","","31",""
"-89.33","48.37","THUNDER BAY A","6048261","1983-02-27","1983","02","27","","2.5","","-1.0","","0.8","","17.2","","0.0","","4.6","","0.8","","5.4","","37","","","","<31",""
"-89.33","48.37","THUNDER BAY A","6048261","1983-02-28","1983","02","28","","-1.0","","-13.6","","-7.3","","25.3","","0.0","","0.2","","0.4","","0.6","","32","","","","<31",""
"-89.33","48.37","THUNDER BAY A","6048261","1983-03-01","1983","03","01","","-7.6","","-14.8","","-11.2","","29.2","","0.0","","0.0","","0.0","T","0.0","T","32","","","","<31",""
"-89.33","48.37","THUNDER BAY A","6048261","1983-03-02","1983","03","02","","-2.4","","-8.5","","-5.5","","23.5","","0.0","","0.0","","0.4","","0.4","","32","","","","<31",""
"-89.33","48.37","THUNDER BAY A","6048261","1983-03-03","1983","03","03","","-1.5","","-3.9","","-2.7","","20.7","","0.0","","0.4","","3.8","","4.0","","32","","7","","44",""
"-89.33","48.37","THUNDER BAY A","6048261","1983-03-04","1983","03","04","","0.6","","-2.9","","-1.2","","19.2","","0.0","","0.6","","0.0","T","0.6","","34","","6","","35",""
"-89.33","48.37","THUNDER BAY A","6048261","1983-03-05","1983","03","05","","5.1","","0.1","","2.6","","15.4","","0.0","","1.2","","0.0","","1.2","","32","","8","","46",""
"-89.33","48.37","THUNDER BAY A","6048261","1983-03-06","1983","03","06","","5.0","","2.1","","3.6","","14.4","","0.0","","16.4","","0.0","","16.4","","28","","9","","69",""
"-89.33","48.37","THUNDER BAY A","6048261","1983-03-07","1983","03","07","","4.3","","1.2","","2.8","","15.2","","0.0","","13.6","","0.0","","13.6","","21","","8","","54",""
"-89.33","48.37","THUNDER BAY A","6048261","1983-03-08","1983","03","08","","7.6","","-6.6","","0.5","","17.5","","0.0","","0.0","T","0.0","T","0.0","T","16","","34","","52",""
"-89.33","48.37","THUNDER BAY A","6048261","1983-03-09","1983","03","09","","-5.5","","-10.4","","-8.0","","26.0","","0.0","","0.0","","4.1","","1.9","","14","","36","","50",""
"-89.33","48.37","THUNDER BAY A","6048261","1983-03-10","1983","03","10","","-1.9","","-14.6","","-8.3","","26.3","","0.0","","0.0","","0.0","","0.0","","15","","3","","35",""
"-89.33","48.37","THUNDER BAY A","6048261","1983-03-11","1983","03","11","","-0.4","","-16.1","","-8.3","","26.3","","0.0","","0.0","","0.0","","0.0","","15","","","","<31",""
"-89.33","48.37","THUNDER BAY A","6048261","1983-03-12","1983","03","12","","5.1","","-10.0","","-2.5","","20.5","","0.0","","0.0","","0.0","","0.0","","14","","","","<31",""
"-89.33","48.37","THUNDER BAY A","6048261","1983-03-13","1983","03","13","","3.2","","-3.7","","-0.3","","18.3","","0.0","","0.2","","0.0","T","0.2","","11","","","","<31",""
"-89.33","48.37","THUNDER BAY A","6048261","1983-03-14","1983","03","14","","2.1","","-5.4","","-1.7","","19.7","","0.0","","0.0","T","0.0","T","0.0","T","9","","30","","59",""
"-89.33","48.37","THUNDER BAY A","6048261","1983-03-15","1983","03","15","","1.2","","-5.0","","-1.9","","19.9","","0.0","","0.0","","0.0","","0.0","","9","","4","","37",""
"-89.33","48.37","THUNDER BAY A","6048261","1983-03-16","1983","03","16","","-0.3","","-3.4","","-1.9","","19.9","","0.0","","0.0","","0.0","T","0.0","T","8","","","","<31",""
"-89.33","48.37","THUNDER BAY A","6048261","1983-03-17","1983","03","17","","1.4","","-2.4","","-0.5","","18.5","","0.0","","0.0","","2.0","","1.6","","7","","","","<31",""
"-89.33","48.37","THUNDER BAY A","6048261","1983-03-18","1983","03","18","","0.1","","-5.6","","-2.8","","20.8","","0.0","","0.0","","0.6","","0.2","","7","","1","","33",""
"-89.33","48.37","THUNDER BAY A","6048261","1983-03-19","1983","03","19","","-4.4","","-9.2","","-6.8","","24.8","","0.0","","0.0","","0.0","","0.0","","7","","1","","54",""
"-89.33","48.37","THUNDER BAY A","6048261","1983-03-20","1983","03","20","","-3.6","","-13.4","","-8.5","","26.5","","0.0","","0.0","","0.0","","0.0","","7","","4","","44",""
"-89.33","48.37","THUNDER BAY A","6048261","1983-03-21","1983","03","21","","-5.9","","-17.2","","-11.6","","29.6","","0.0","","0.0","","0.0","","0.0","","7","","1","","46",""
"-89.33","48.37","THUNDER BAY A","6048261","1983-03-22","1983","03","22","","-4.8","","-16.6","","-10.7","","28.7","","0.0","","0.0","","0.0","","0.0","","5","","1","","35",""
"-89.33","48.37","THUNDER BAY A","6048261","1983-03-23","1983","03","23","","-6.6","","-15.6","","-11.1","","29.1","","0.0","","0.0","","0.0","","0.0","","5","","","","<31",""
"-89.33","48.37","THUNDER BAY A","6048261","1983-03-24","1983","03","24","","-4.7","","-20.4","","-12.6","","30.6","","0.0","","0.0","","0.0","","0.0","","5","","","","<31",""
"-89.33","48.37","THUNDER BAY A","6048261","1983-03-25","1983","03","25","","2.3","","-16.0","","-6.9","","24.9","","0.0","","0.0","","0.0","","0.0","","5","","","","<31",""
"-89.33","48.37","THUNDER BAY A","6048261","1983-03-26","1983","03","26","","5.9","","-9.7","","-1.9","","19.9","","0.0","","0.0","","0.0","","0.0","","4","","","","<31",""
"-89.33","48.37","THUNDER BAY A","6048261","1983-03-27","1983","03","27","","2.4","","-4.1","","-0.9","","18.9","","0.0","","0.0","","0.0","T","0.0","T","3","","","","<31",""
"-89.33","48.37","THUNDER BAY A","6048261","1983-03-28","1983","03","28","","1.2","","-8.4","","-3.6","","21.6","","0.0","","0.0","","0.0","","0.0","","3","","","","<31",""
"-89.33","48.37","THUNDER BAY A","6048261","1983-03-29","1983","03","29","","2.4","","-10.4","","-4.0","","22.0","","0.0","","0.0","","0.0","","0.0","","2","","","","<31",""
"-89.33","48.37","THUNDER BAY A","6048261","1983-03-30","1983","03","30","","0.7","","-3.0","","-1.2","","19.2","","0.0","","0.0","T","1.6","","1.4","","2","","","","<31",""
"-89.33","48.37","THUNDER BAY A","6048261","1983-03-31","1983","03","31","","2.7","","0.0","","1.4","","16.6","","0.0","","0.3","","0.3","","0.6","","3","","","","<31",""
"-89.33","48.37","THUNDER BAY A","6048261","1983-04-01","1983","04","01","","2.3","","-2.3","","0.0","","18.0","","0.0","","0.0","T","2.6","","2.8","","2","","","","<31",""
"-89.33","48.37","THUNDER BAY A","6048261","1983-04-02","1983","04","02","","8.2","","-4.4","","1.9","","16.1","","0.0","","0.0","","0.0","","0.0","","1","","3","","39",""
"-89.33","48.37","THUNDER BAY A","6048261","1983-04-03","1983","04","03","","6.2","","1.1","","3.7","","14.3","","0.0","","0.0","","0.0","","0.0","","0","","3","","52",""
"-89.33","48.37","THUNDER BAY A","6048261","1983-04-04","1983","04","04","","7.3","","-1.4","","3.0","","15.0","","0.0","","0.0","","0.0","","0.0","","0","T","2","","43",""
"-89.33","48.37","THUNDER BAY A","6048261","1983-04-05","1983","04","05","","7.9","","-2.7","","2.6","","15.4","","0.0","","0.0","","0.0","","0.0","","0","T","1","","31",""
"-89.33","48.37","THUNDER BAY A","6048261","1983-04-06","1983","04","06","","4.0","","-0.2","","1.9","","16.1","","0.0","","0.0","","0.0","T","0.0","T","0","T","6","","37",""
"-89.33","48.37","THUNDER BAY A","6048261","1983-04-07","1983","04","07","","7.8","","-1.2","","3.3","","14.7","","0.0","","0.0","","0.0","T","0.0","T","0","T","1","","43",""
"-89.33","48.37","THUNDER BAY A","6048261","1983-04-08","1983","04","08","","9.3","","-4.5","","2.4","","15.6","","0.0","","0.0","","0.0","","0.0","","0","","","","<31",""
"-89.33","48.37","THUNDER BAY A","6048261","1983-04-09","1983","04","09","","7.5","","-7.0","","0.3","","17.7","","0.0","","0.0","","0.0","","0.0","","0","","7","","43",""
"-89.33","48.37","THUNDER BAY A","6048261","1983-04-10","1983","04","10","","3.8","","0.8","","2.3","","15.7","","0.0","","5.5","","1.8","","7.3","","0","","","","<31",""
"-89.33","48.37","THUNDER BAY A","6048261","1983-04-11","1983","04","11","","8.8","","-3.8","","2.5","","15.5","","0.0","","0.0","","0.0","","0.0","","0","","9","","37",""
"-89.33","48.37","THUNDER BAY A","6048261","1983-04-12","1983","04","12","","3.2","","-3.9","","-0.4","","18.4","","0.0","","0.0","","0.0","","0.0","","0","","","","<31",""
"-89.33","48.37","THUNDER BAY A","6048261","1983-04-13","1983","04","13","","2.6","","-0.1","","1.3","","16.7","","0.0","","0.2","","13.8","","16.7","","0","T","5","","46",""
"-89.33","48.37","THUNDER BAY A","6048261","1983-04-14","1983","04","14","","0.3","","-6.5","","-3.1","","21.1","","0.0","","0.0","","20.6","","23.0","","5","","35","","59",""
"-89.33","48.37","THUNDER BAY A","6048261","1983-04-15","1983","04","15","","-2.1","","-8.0","","-5.1","","23.1","","0.0","","0.0","","1.2","","1.0","","24","","34","","50",""
"-89.33","48.37","THUNDER BAY A","6048261","1983-04-16","1983","04","16","","-2.4","","-14.0","","-8.2","","26.2","","0.0","","0.0","","0.2","","0.2","","24","","36","","37",""
"-89.33","48.37","THUNDER BAY A","6048261","1983-04-17","1983","04","17","","-0.3","","-18.4","","-9.4","","27.4","","0.0","","0.0","","0.0","","0.0","","24","","","","<31",""
"-89.33","48.37","THUNDER BAY A","6048261","1983-04-18","1983","04","18","","1.8","","-16.4","","-7.3","","25.3","","0.0","","0.0","","0.0","","0.0","","23","","","","<31",""
"-89.33","48.37","THUNDER BAY A","6048261","1983-04-19","1983","04","19","","5.7","","-12.7","","-3.5","","21.5","","0.0","","0.0","","0.0","","0.0","","21","","","","<31",""
"-89.33","48.37","THUNDER BAY A","6048261","1983-04-20","1983","04","20","","8.0","","-6.3","","0.9","","17.1","","0.0","","0.0","","0.0","","0.0","","17","","","","<31",""
"-89.33","48.37","THUNDER BAY A","6048261","1983-04-21","1983","04","21","","11.7","","-1.4","","5.2","","12.8","","0.0","","0.0","","0.0","","0.0","","12","","","","<31",""
"-89.33","48.37","THUNDER BAY A","6048261","1983-04-22","1983","04","22","","11.7","","-1.1","","5.3","","12.7","","0.0","","0.0","","0.0","","0.0","","0","T","34","","31",""
"-89.33","48.37","THUNDER BAY A","6048261","1983-04-23","1983","04","23","","11.3","","-2.4","","4.5","","13.5","","0.0","","0.0","","0.0","","0.0","","0","T","","","<31",""
"-89.33","48.37","THUNDER BAY A","6048261","1983-04-24","1983","04","24","","11.8","","-3.0","","4.4","","13.6","","0.0","","0.0","","0.0","","0.0","","0","","","","<31",""
"-89.33","48.37","THUNDER BAY A","6048261","1983-04-25","1983","04","25","","21.9","","-1.6","","10.2","","7.8","","0.0","","0.0","","0.0","","0.0","","0","","16","","31",""
"-89.33","48.37","THUNDER BAY A","6048261","1983-04-26","1983","04","26","","13.5","","-1.7","","5.9","","12.1","","0.0","","5.0","","0.0","","5.0","","0","","8","","31",""
"-89.33","48.37","THUNDER BAY A","6048261","1983-04-27","1983","04","27","","11.6","","-1.3","","5.2","","12.8","","0.0","","0.0","","0.0","","0.0","","0","","24","","48",""
"-89.33","48.37","THUNDER BAY A","6048261","1983-04-28","1983","04","28","","12.9","","-2.4","","5.3","","12.7","","0.0","","3.4","","0.0","","3.4","","0","","22","","43",""
"-89.33","48.37","THUNDER BAY A","6048261","1983-04-29","1983","04","29","","7.6","","-0.2","","3.7","","14.3","","0.0","","0.0","","0.0","","0.0","","0","","25","","35",""
"-89.33","48.37","THUNDER BAY A","6048261","1983-04-30","1983","04","30","","10.4","","-1.1","","4.7","","13.3","","0.0","","0.0","","0.0","","0.0","","0","","27","","39",""
"-89.33","48.37","THUNDER BAY A","6048261","1983-05-01","1983","05","01","","10.1","","-3.5","","3.3","","14.7","","0.0","","0.0","","0.0","","0.0","","0","","","","<31",""
"-89.33","48.37","THUNDER BAY A","6048261","1983-05-02","1983","05","02","","16.3","","-2.7","","6.8","","11.2","","0.0","","0.0","","0.0","","0.0","","0","","7","","41",""
"-89.33","48.37","THUNDER BAY A","6048261","1983-05-03","1983","05","03","","14.5","","-2.9","","5.8","","12.2","","0.0","","0.0","T","0.0","","0.0","T","0","","","","<31",""
"-89.33","48.37","THUNDER BAY A","6048261","1983-05-04","1983","05","04","","8.5","","-0.2","","4.2","","13.8","","0.0","","0.0","T","0.0","","0.0","T","0","","33","","52",""
"-89.33","48.37","THUNDER BAY A","6048261","1983-05-05","1983","05","05","","11.4","","-5.0","","3.2","","14.8","","0.0","","0.0","","0.0","","0.0","","0","","17","","33",""
"-89.33","48.37","THUNDER BAY A","6048261","1983-05-06","1983","05","06","","8.6","","-3.7","","2.5","","15.5","","0.0","","0.0","","0.0","","0.0","","0","","","","<31",""
"-89.33","48.37","THUNDER BAY A","6048261","1983-05-07","1983","05","07","","12.2","","-0.1","","6.1","","11.9","","0.0","","0.0","","0.0","","0.0","","0","","1","","50",""
"-89.33","48.37","THUNDER BAY A","6048261","1983-05-08","1983","05","08","","9.5","","-3.4","","3.1","","14.9","","0.0","","0.0","","0.0","","0.0","","0","","","","<31",""
"-89.33","48.37","THUNDER BAY A","6048261","1983-05-09","1983","05","09","","8.7","","-5.9","","1.4","","16.6","","0.0","","0.0","","0.0","","0.0","","0","","9","","35",""
"-89.33","48.37","THUNDER BAY A","6048261","1983-05-10","1983","05","10","","14.8","","-2.5","","6.2","","11.8","","0.0","","0.0","","0.0","","0.0","","0","","10","","31",""
"-89.33","48.37","THUNDER BAY A","6048261","1983-05-11","1983","05","11","","16.0","","-1.0","","7.5","","10.5","","0.0","","0.0","","0.0","","0.0","","0","","9","","39",""
"-89.33","48.37","THUNDER BAY A","6048261","1983-05-12","1983","05","12","","15.1","","-0.3","","7.4","","10.6","","0.0","","0.0","T","0.0","","0.0","T","0","","9","","41",""
"-89.33","48.37","THUNDER BAY A","6048261","1983-05-13","1983","05","13","","18.0","","5.5","","11.8","","6.2","","0.0","","0.4","","0.0","","0.4","","0","","17","","37",""
"-89.33","48.37","THUNDER BAY A","6048261","1983-05-14","1983","05","14","","11.7","","-1.5","","5.1","","12.9","","0.0","","0.0","T","0.0","","0.0","T","0","","29","","48",""
"-89.33","48.37","THUNDER BAY A","6048261","1983-05-15","1983","05","15","","6.7","","-4.9","","0.9","","17.1","","0.0","","0.0","","0.0","","0.0","","0","","17","","31",""
"-89.33","48.37","THUNDER BAY A","6048261","1983-05-16","1983","05","16","","8.9","","-5.7","","1.6","","16.4","","0.0","","0.0","","0.0","","0.0","","0","","12","","41",""
"-89.33","48.37","THUNDER BAY A","6048261","1983-05-17","1983","05","17","","16.1","","-5.9","","5.1","","12.9","","0.0","","0.0","T","0.0","","0.0","T","0","","17","","48",""
"-89.33","48.37","THUNDER BAY A","6048261","1983-05-18","1983","05","18","","21.8","","1.2","","11.5","","6.5","","0.0","","0.0","T","0.0","","0.0","T","0","","18","","48",""
"-89.33","48.37","THUNDER BAY A","6048261","1983-05-19","1983","05","19","","12.1","","7.3","","9.7","","8.3","","0.0","","0.9","","0.0","","0.9","","0","","","","<31",""
"-89.33","48.37","THUNDER BAY A","6048261","1983-05-20","1983","05","20","","10.5","","5.0","","7.8","","10.2","","0.0","","4.4","","0.0","","4.4","","0","","","","<31",""
"-89.33","48.37","THUNDER BAY A","6048261","1983-05-21","1983","05","21","","11.8","","4.3","","8.1","","9.9","","0.0","","0.0","","0.0","","0.0","","0","","6","","35",""
"-89.33","48.37","THUNDER BAY A","6048261","1983-05-22","1983","05","22","","12.4","","4.7","","8.6","","9.4","","0.0","","11.2","","0.0","","11.2","","0","","32","","33",""
"-89.33","48.37","THUNDER BAY A","6048261","1983-05-23","1983","05","23","","19.7","","4.6","","12.2","","5.8","","0.0","","0.0","","0.0","","0.0","","0","","26","","43",""
"-89.33","48.37","THUNDER BAY A","6048261","1983-05-24","1983","05","24","","11.3","","0.8","","6.1","","11.9","","0.0","","3.4","","0.0","","3.4","","0","","32","","39",""
"-89.33","48.37","THUNDER BAY A","6048261","1983-05-25","1983","05","25","","13.3","","-2.1","","5.6","","12.4","","0.0","","0.0","","0.0","","0.0","","0","","35","","56",""
"-89.33","48.37","THUNDER BAY A","6048261","1983-05-26","1983","05","26","","13.3","","-1.4","","6.0","","12.0","","0.0","","0.0","","0.0","","0.0","","0","","15","","33",""
"-89.33","48.37","THUNDER BAY A","6048261","1983-05-27","1983","05","27","","15.9","","-1.6","","7.2","","10.8","","0.0","","0.0","","0.0","","0.0","","0","","12","","31",""
"-89.33","48.37","THUNDER BAY A","6048261","1983-05-28","1983","05","28","","7.8","","5.2","","6.5","","11.5","","0.0","","10.6","","0.0","","10.6","","0","","","","<31",""
"-89.33","48.37","THUNDER BAY A","6048261","1983-05-29","1983","05","29","","14.5","","6.2","","10.4","","7.6","","0.0","","11.1","","0.0","","11.1","","0","","1","","56",""
"-89.33","48.37","THUNDER BAY A","6048261","1983-05-30","1983","05","30","","14.6","","7.9","","11.3","","6.7","","0.0","","5.9","","0.0","","5.9","","0","","36","","59",""
"-89.33","48.37","THUNDER BAY A","6048261","1983-05-31","1983","05","31","","19.2","","3.8","","11.5","","6.5","","0.0","","0.0","","0.0","","0.0","","0","","35","","48",""
"-89.33","48.37","THUNDER BAY A","6048261","1983-06-01","1983","06","01","","19.9","","0.9","","10.4","","7.6","","0.0","","0.0","","0.0","","0.0","","0","","","","<31",""
"-89.33","48.37","THUNDER BAY A","6048261","1983-06-02","1983","06","02","","21.6","","2.8","","12.2","","5.8","","0.0","","0.0","T","0.0","","0.0","T","0","","","","<31",""
"-89.33","48.37","THUNDER BAY A","6048261","1983-06-03","1983","06","03","","16.0","","6.3","","11.2","","6.8","","0.0","","8.6","","0.0","","8.6","","0","","","","<31",""
"-89.33","48.37","THUNDER BAY A","6048261","1983-06-04","1983","06","04","","10.4","","8.1","","9.3","","8.7","","0.0","","18.1","","0.0","","18.1","","0","","","","<31",""
"-89.33","48.37","THUNDER BAY A","6048261","1983-06-05","1983","06","05","","16.7","","7.0","","11.9","","6.1","","0.0","","0.8","","0.0","","0.8","","0","","26","","50",""
"-89.33","48.37","THUNDER BAY A","6048261","1983-06-06","1983","06","06","","19.4","","2.9","","11.2","","6.8","","0.0","","0.4","","0.0","","0.4","","0","","28","","70",""
"-89.33","48.37","THUNDER BAY A","6048261","1983-06-07","1983","06","07","","17.0","","2.5","","9.8","","8.2","","0.0","","0.0","","0.0","","0.0","","0","","28","","39",""
"-89.33","48.37","THUNDER BAY A","6048261","1983-06-08","1983","06","08","","10.2","","-0.6","","4.8","","13.2","","0.0","","5.2","","0.0","","5.2","","0","","9","","33",""
"-89.33","48.37","THUNDER BAY A","6048261","1983-06-09","1983","06","09","","15.9","","4.0","","10.0","","8.0","","0.0","","0.0","","0.0","","0.0","","0","","36","","37",""
"-89.33","48.37","THUNDER BAY A","6048261","1983-06-10","1983","06","10","","20.6","","1.5","","11.1","","6.9","","0.0","","0.2","","0.0","","0.2","","0","","10","","31",""
"-89.33","48.37","THUNDER BAY A","6048261","1983-06-11","1983","06","11","","29.4","","7.2","","18.3","","0.0","","0.3","","0.0","","0.0","","0.0","","0","","18","","44",""
"-89.33","48.37","THUNDER BAY A","6048261","1983-06-12","1983","06","12","","22.1","","10.1","","16.1","","1.9","","0.0","","0.0","T","0.0","","0.0","T","0","","","","<31",""
"-89.33","48.37","THUNDER BAY A","6048261","1983-06-13","1983","06","13","","26.7","","11.0","","18.9","","0.0","","0.9","","0.0","","0.0","","0.0","","0","","17","","33",""
"-89.33","48.37","THUNDER BAY A","6048261","1983-06-14","1983","06","14","","23.8","","13.0","","18.4","","0.0","","0.4","","1.3","","0.0","","1.3","","0","","","","<31",""
"-89.33","48.37","THUNDER BAY A","6048261","1983-06-15","1983","06","15","","21.7","","8.6","","15.2","","2.8","","0.0","","3.6","","0.0","","3.6","","0","","18","","35",""
"-89.33","48.37","THUNDER BAY A","6048261","1983-06-16","1983","06","16","","16.8","","8.6","","12.7","","5.3","","0.0","","0.4","","0.0","","0.4","","0","","31","","33",""
"-89.33","48.37","THUNDER BAY A","6048261","1983-06-17","1983","06","17","","16.1","","7.4","","11.8","","6.2","","0.0","","0.0","","0.0","","0.0","","0","","","","<31",""
"-89.33","48.37","THUNDER BAY A","6048261","1983-06-18","1983","06","18","","21.0","","5.3","","13.2","","4.8","","0.0","","0.0","","0.0","","0.0","","0","","","","<31",""
"-89.33","48.37","THUNDER BAY A","6048261","1983-06-19","1983","06","19","","19.4","","4.9","","12.2","","5.8","","0.0","","0.0","","0.0","","0.0","","0","","","","<31",""
"-89.33","48.37","THUNDER BAY A","6048261","1983-06-20","1983","06","20","","21.0","","5.9","","13.5","","4.5","","0.0","","0.0","","0.0","","0.0","","0","","","","<31",""
"-89.33","48.37","THUNDER BAY A","6048261","1983-06-21","1983","06","21","","21.9","","12.1","","17.0","","1.0","","0.0","","0.0","","0.0","","0.0","","0","","8","","31",""
"-89.33","48.37","THUNDER BAY A","6048261","1983-06-22","1983","06","22","","31.5","","11.9","","21.7","","0.0","","3.7","","2.1","","0.0","","2.1","","0","","22","","43",""
"-89.33","48.37","THUNDER BAY A","6048261","1983-06-23","1983","06","23","","28.6","","13.7","","21.2","","0.0","","3.2","","0.0","","0.0","","0.0","","0","","31","","33",""
"-89.33","48.37","THUNDER BAY A","6048261","1983-06-24","1983","06","24","","29.3","","13.3","","21.3","","0.0","","3.3","","0.0","","0.0","","0.0","","0","","","","<31",""
"-89.33","48.37","THUNDER BAY A","6048261","1983-06-25","1983","06","25","","25.2","","14.1","","19.7","","0.0","","1.7","","10.1","","0.0","","10.1","","0","","19","","37",""
"-89.33","48.37","THUNDER BAY A","6048261","1983-06-26","1983","06","26","","22.8","","8.9","","15.9","","2.1","","0.0","","7.2","","0.0","","7.2","","0","","1","","50",""
"-89.33","48.37","THUNDER BAY A","6048261","1983-06-27","1983","06","27","","17.4","","4.1","","10.8","","7.2","","0.0","","0.0","","0.0","","0.0","","0","","1","","31",""
"-89.33","48.37","THUNDER BAY A","6048261","1983-06-28","1983","06","28","","21.3","","5.0","","13.2","","4.8","","0.0","","0.0","","0.0","","0.0","","0","","","","<31",""
"-89.33","48.37","THUNDER BAY A","6048261","1983-06-29","1983","06","29","","18.8","","4.0","","11.4","","6.6","","0.0","","0.0","","0.0","","0.0","","0","","","","<31",""
"-89.33","48.37","THUNDER BAY A","6048261","1983-06-30","1983","06","30","","20.3","","12.6","","16.5","","1.5","","0.0","","9.9","","0.0","","9.9","","0","","31","","43",""
"-89.33","48.37","THUNDER BAY A","6048261","1983-07-01","1983","07","01","","21.1","","13.7","","17.4","","0.6","","0.0","","0.0","","0.0","","0.0","","0","","","","<31",""
"-89.33","48.37","THUNDER BAY A","6048261","1983-07-02","1983","07","02","","16.0","","11.8","","13.9","","4.1","","0.0","","5.4","","0.0","","5.4","","0","","11","","35",""
"-89.33","48.37","THUNDER BAY A","6048261","1983-07-03","1983","07","03","","24.2","","11.3","","17.8","","0.2","","0.0","","26.8","","0.0","","26.8","","0","","28","","41",""
"-89.33","48.37","THUNDER BAY A","6048261","1983-07-04","1983","07","04","","18.8","","4.1","","11.5","","6.5","","0.0","","6.6","","0.0","","6.6","","0","","31","","59",""
"-89.33","48.37","THUNDER BAY A","6048261","1983-07-05","1983","07","05","","20.7","","2.7","","11.7","","6.3","","0.0","","0.0","","0.0","","0.0","","0","","24","","35",""
"-89.33","48.37","THUNDER BAY A","6048261","1983-07-06","1983","07","06","","24.1","","4.6","","14.4","","3.6","","0.0","","0.0","","0.0","","0.0","","0","","20","","33",""
"-89.33","48.37","THUNDER BAY A","6048261","1983-07-07","1983","07","07","","30.6","","11.0","","20.8","","0.0","","2.8","","0.2","","0.0","","0.2","","0","","21","","37",""
"-89.33","48.37","THUNDER BAY A","6048261","1983-07-08","1983","07","08","","26.6","","14.6","","20.6","","0.0","","2.6","","0.0","","0.0","","0.0","","0","","","","<31",""
"-89.33","48.37","THUNDER BAY A","6048261","1983-07-09","1983","07","09","","21.4","","8.6","","15.0","","3.0","","0.0","","0.0","","0.0","","0.0","","0","","","","<31",""
"-89.33","48.37","THUNDER BAY A","6048261","1983-07-10","1983","07","10","","20.2","","9.4","","14.8","","3.2","","0.0","","0.0","","0.0","","0.0","","0","","","","<31",""
"-89.33","48.37","THUNDER BAY A","6048261","1983-07-11","1983","07","11","","33.8","","12.5","","23.2","","0.0","","5.2","","0.0","","0.0","","0.0","","0","","26","","59",""
"-89.33","48.37","THUNDER BAY A","6048261","1983-07-12","1983","07","12","","30.7","","15.5","","23.1","","0.0","","5.1","","0.0","","0.0","","0.0","","0","","28","","44",""
"-89.33","48.37","THUNDER BAY A","6048261","1983-07-13","1983","07","13","","33.4","","12.0","","22.7","","0.0","","4.7","","0.0","","0.0","","0.0","","0","","21","","50",""
"-89.33","48.37","THUNDER BAY A","6048261","1983-07-14","1983","07","14","","34.1","","16.6","","25.4","","0.0","","7.4","","0.0","","0.0","","0.0","","0","","","","<31",""
"-89.33","48.37","THUNDER BAY A","6048261","1983-07-15","1983","07","15","","24.8","","16.0","","20.4","","0.0","","2.4","","0.0","","0.0","","0.0","","0","","","","<31",""
"-89.33","48.37","THUNDER BAY A","6048261","1983-07-16","1983","07","16","","25.8","","15.0","","20.4","","0.0","","2.4","","5.6","","0.0","","5.6","","0","","","","<31",""
"-89.33","48.37","THUNDER BAY A","6048261","1983-07-17","1983","07","17","","29.3","","17.2","","23.3","","0.0","","5.3","","0.0","","0.0","","0.0","","0","","","","<31",""
"-89.33","48.37","THUNDER BAY A","6048261","1983-07-18","1983","07","18","","29.1","","15.0","","22.1","","0.0","","4.1","","0.4","","0.0","","0.4","","0","","","","<31",""
"-89.33","48.37","THUNDER BAY A","6048261","1983-07-19","1983","07","19","","27.7","","15.8","","21.8","","0.0","","3.8","","0.0","","0.0","","0.0","","0","","","","<31",""
"-89.33","48.37","THUNDER BAY A","6048261","1983-07-20","1983","07","20","","29.8","","14.0","","21.9","","0.0","","3.9","","0.0","","0.0","","0.0","","0","","","","<31",""
"-89.33","48.37","THUNDER BAY A","6048261","1983-07-21","1983","07","21","","24.9","","13.2","","19.1","","0.0","","1.1","","0.0","","0.0","","0.0","","0","","8","","33",""
"-89.33","48.37","THUNDER BAY A","6048261","1983-07-22","1983","07","22","","27.1","","9.9","","18.5","","0.0","","0.5","","0.0","","0.0","","0.0","","0","","","","<31",""
"-89.33","48.37","THUNDER BAY A","6048261","1983-07-23","1983","07","23","","26.4","","13.6","","20.0","","0.0","","2.0","","0.4","","0.0","","0.4","","0","","32","","43",""
"-89.33","48.37","THUNDER BAY A","6048261","1983-07-24","1983","07","24","","25.3","","13.5","","19.4","","0.0","","1.4","","0.0","","0.0","","0.0","","0","","","","<31",""
"-89.33","48.37","THUNDER BAY A","6048261","1983-07-25","1983","07","25","","29.3","","11.4","","20.4","","0.0","","2.4","","0.0","","0.0","","0.0","","0","","","","<31",""
"-89.33","48.37","THUNDER BAY A","6048261","1983-07-26","1983","07","26","","28.8","","12.8","","20.8","","0.0","","2.8","","0.0","","0.0","","0.0","","0","","19","","31",""
"-89.33","48.37","THUNDER BAY A","6048261","1983-07-27","1983","07","27","","31.8","","14.4","","23.1","","0.0","","5.1","","13.4","","0.0","","13.4","","0","","20","","43",""
"-89.33","48.37","THUNDER BAY A","6048261","1983-07-28","1983","07","28","","28.2","","17.0","","22.6","","0.0","","4.6","","0.8","","0.0","","0.8","","0","","","M","","M"
"-89.33","48.37","THUNDER BAY A","6048261","1983-07-29","1983","07","29","","31.2","","16.8","","24.0","","0.0","","6.0","","0.0","","0.0","","0.0","","0","","28","","44",""
"-89.33","48.37","THUNDER BAY A","6048261","1983-07-30","1983","07","30","","21.8","","14.0","","17.9","","0.1","","0.0","","0.0","T","0.0","","0.0","T","0","","","","<31",""
"-89.33","48.37","THUNDER BAY A","6048261","1983-07-31","1983","07","31","","23.9","","15.8","","19.9","","0.0","","1.9","","2.8","","0.0","","2.8","","0","","29","","37",""
"-89.33","48.37","THUNDER BAY A","6048261","1983-08-01","1983","08","01","","29.3","","15.6","","22.5","","0.0","","4.5","","0.0","","0.0","","0.0","","0","","27","","31",""
"-89.33","48.37","THUNDER BAY A","6048261","1983-08-02","1983","08","02","","29.9","","15.0","","22.5","","0.0","","4.5","","15.6","","0.0","","15.6","","0","","19","","37",""
"-89.33","48.37","THUNDER BAY A","6048261","1983-08-03","1983","08","03","","27.5","","17.9","","22.7","","0.0","","4.7","","4.6","","0.0","","4.6","","0","","","","<31",""
"-89.33","48.37","THUNDER BAY A","6048261","1983-08-04","1983","08","04","","24.8","","16.1","","20.5","","0.0","","2.5","","0.0","","0.0","","0.0","","0","","","","<31",""
"-89.33","48.37","THUNDER BAY A","6048261","1983-08-05","1983","08","05","","33.2","","15.1","","24.2","","0.0","","6.2","","0.0","","0.0","","0.0","","0","","","","<31",""
"-89.33","48.37","THUNDER BAY A","6048261","1983-08-06","1983","08","06","","31.0","","17.5","","24.3","","0.0","","6.3","","0.0","","0.0","","0.0","","0","","","","<31",""
"-89.33","48.37","THUNDER BAY A","6048261","1983-08-07","1983","08","07","","40.3","","13.0","","26.7","","0.0","","8.7","","14.8","","0.0","","14.8","","0","","28","","48",""
"-89.33","48.37","THUNDER BAY A","6048261","1983-08-08","1983","08","08","","26.3","","11.3","","18.8","","0.0","","0.8","","0.0","","0.0","","0.0","","0","","30","","43",""
"-89.33","48.37","THUNDER BAY A","6048261","1983-08-09","1983","08","09","","21.1","","7.7","","14.4","","3.6","","0.0","","0.0","","0.0","","0.0","","0","","","","<31",""
"-89.33","48.37","THUNDER BAY A","6048261","1983-08-10","1983","08","10","","16.8","","14.3","","15.6","","2.4","","0.0","","38.9","","0.0","","38.9","","0","","7","","43",""
"-89.33","48.37","THUNDER BAY A","6048261","1983-08-11","1983","08","11","","23.8","","9.5","","16.7","","1.3","","0.0","","0.0","","0.0","","0.0","","0","","","","<31",""
"-89.33","48.37","THUNDER BAY A","6048261","1983-08-12","1983","08","12","","26.6","","10.5","","18.6","","0.0","","0.6","","0.0","","0.0","","0.0","","0","","","","<31",""
"-89.33","48.37","THUNDER BAY A","6048261","1983-08-13","1983","08","13","","27.4","","9.0","","18.2","","0.0","","0.2","","0.0","T","0.0","","0.0","T","0","","19","","31",""
"-89.33","48.37","THUNDER BAY A","6048261","1983-08-14","1983","08","14","","29.3","","16.2","","22.8","","0.0","","4.8","","0.0","","0.0","","0.0","","0","","","","<31",""
"-89.33","48.37","THUNDER BAY A","6048261","1983-08-15","1983","08","15","","27.1","","12.5","","19.8","","0.0","","1.8","","0.0","","0.0","","0.0","","0","","","","<31",""
"-89.33","48.37","THUNDER BAY A","6048261","1983-08-16","1983","08","16","","28.1","","14.0","","21.1","","0.0","","3.1","","0.0","","0.0","","0.0","","0","","","","<31",""
"-89.33","48.37","THUNDER BAY A","6048261","1983-08-17","1983","08","17","","26.5","","15.5","","21.0","","0.0","","3.0","","0.0","","0.0","","0.0","","0","","","","<31",""
"-89.33","48.37","THUNDER BAY A","6048261","1983-08-18","1983","08","18","","29.2","","14.4","","21.8","","0.0","","3.8","","0.0","T","0.0","","0.0","T","0","","","","<31",""
"-89.33","48.37","THUNDER BAY A","6048261","1983-08-19","1983","08","19","","30.0","","16.3","","23.2","","0.0","","5.2","","12.6","","0.0","","12.6","","0","","25","","61",""
"-89.33","48.37","THUNDER BAY A","6048261","1983-08-20","1983","08","20","","22.7","","12.9","","17.8","","0.2","","0.0","","0.0","","0.0","","0.0","","0","","","","<31",""
"-89.33","48.37","THUNDER BAY A","6048261","1983-08-21","1983","08","21","","18.6","","14.1","","16.4","","1.6","","0.0","","12.3","","0.0","","12.3","","0","","","","<31",""
"-89.33","48.37","THUNDER BAY A","6048261","1983-08-22","1983","08","22","","24.3","","12.0","","18.2","","0.0","","0.2","","0.0","","0.0","","0.0","","0","","31","","41",""
"-89.33","48.37","THUNDER BAY A","6048261","1983-08-23","1983","08","23","","26.6","","10.6","","18.6","","0.0","","0.6","","0.0","","0.0","","0.0","","0","","","","<31",""
"-89.33","48.37","THUNDER BAY A","6048261","1983-08-24","1983","08","24","","24.2","","10.6","","17.4","","0.6","","0.0","","0.8","","0.0","","0.8","","0","","","","<31",""
"-89.33","48.37","THUNDER BAY A","6048261","1983-08-25","1983","08","25","","29.2","","14.0","","21.6","","0.0","","3.6","","0.0","","0.0","","0.0","","0","","","","<31",""
"-89.33","48.37","THUNDER BAY A","6048261","1983-08-26","1983","08","26","","29.6","","17.2","","23.4","","0.0","","5.4","","0.2","","0.0","","0.2","","0","","","","<31",""
"-89.33","48.37","THUNDER BAY A","6048261","1983-08-27","1983","08","27","","29.9","","15.6","","22.8","","0.0","","4.8","","0.0","T","0.0","","0.0","T","0","","","","<31",""
"-89.33","48.37","THUNDER BAY A","6048261","1983-08-28","1983","08","28","","28.8","","13.9","","21.4","","0.0","","3.4","","0.0","T","0.0","","0.0","T","0","","","","<31",""
"-89.33","48.37","THUNDER BAY A","6048261","1983-08-29","1983","08","29","","22.1","","14.4","","18.3","","0.0","","0.3","","8.2","","0.0","","8.2","","0","","22","","50",""
"-89.33","48.37","THUNDER BAY A","6048261","1983-08-30","1983","08","30","","24.7","","13.1","","18.9","","0.0","","0.9","","0.0","","0.0","","0.0","","0","","","","<31",""
"-89.33","48.37","THUNDER BAY A","6048261","1983-08-31","1983","08","31","","27.4","","10.7","","19.1","","0.0","","1.1","","0.0","","0.0","","0.0","","0","","","","<31",""
"-89.33","48.37","THUNDER BAY A","6048261","1983-09-01","1983","09","01","","31.1","","11.4","","21.3","","0.0","","3.3","","0.0","","0.0","","0.0","","0","","24","","41",""
"-89.33","48.37","THUNDER BAY A","6048261","1983-09-02","1983","09","02","","31.4","","16.6","","24.0","","0.0","","6.0","","0.0","","0.0","","0.0","","0","","","","<31",""
"-89.33","48.37","THUNDER BAY A","6048261","1983-09-03","1983","09","03","","29.5","","17.3","","23.4","","0.0","","5.4","","0.2","","0.0","","0.2","","0","","23","","48",""
"-89.33","48.37","THUNDER BAY A","6048261","1983-09-04","1983","09","04","","26.7","","10.5","","18.6","","0.0","","0.6","","2.6","","0.0","","2.6","","0","","","","<31",""
"-89.33","48.37","THUNDER BAY A","6048261","1983-09-05","1983","09","05","","23.9","","12.7","","18.3","","0.0","","0.3","","4.6","","0.0","","4.6","","0","","","","<31",""
"-89.33","48.37","THUNDER BAY A","6048261","1983-09-06","1983","09","06","","22.7","","10.6","","16.7","","1.3","","0.0","","0.0","","0.0","","0.0","","0","","25","","54",""
"-89.33","48.37","THUNDER BAY A","6048261","1983-09-07","1983","09","07","","22.1","","10.0","","16.1","","1.9","","0.0","","0.0","","0.0","","0.0","","0","","","","<31",""
"-89.33","48.37","THUNDER BAY A","6048261","1983-09-08","1983","09","08","","26.0","","6.9","","16.5","","1.5","","0.0","","0.7","","0.0","","0.7","","0","","30","","57",""
"-89.33","48.37","THUNDER BAY A","6048261","1983-09-09","1983","09","09","","21.7","","16.6","","19.2","","0.0","","1.2","","7.7","","0.0","","7.7","","0","","16","","33",""
"-89.33","48.37","THUNDER BAY A","6048261","1983-09-10","1983","09","10","","24.0","","13.0","","18.5","","0.0","","0.5","","20.5","","0.0","","20.5","","0","","26","","63",""
"-89.33","48.37","THUNDER BAY A","6048261","1983-09-11","1983","09","11","","18.0","","6.1","","12.1","","5.9","","0.0","","0.0","","0.0","","0.0","","0","","28","","56",""
"-89.33","48.37","THUNDER BAY A","6048261","1983-09-12","1983","09","12","","16.0","","3.9","","10.0","","8.0","","0.0","","0.0","","0.0","","0.0","","0","","","","<31",""
"-89.33","48.37","THUNDER BAY A","6048261","1983-09-13","1983","09","13","","13.8","","0.4","","7.1","","10.9","","0.0","","4.3","","0.0","","4.3","","0","","36","","35",""
"-89.33","48.37","THUNDER BAY A","6048261","1983-09-14","1983","09","14","","15.8","","0.8","","8.3","","9.7","","0.0","","0.0","","0.0","","0.0","","0","","","","<31",""
"-89.33","48.37","THUNDER BAY A","6048261","1983-09-15","1983","09","15","","15.0","","1.1","","8.1","","9.9","","0.0","","1.6","","0.0","","1.6","","0","","","M","","M"
"-89.33","48.37","THUNDER BAY A","6048261","1983-09-16","1983","09","16","","15.1","","8.0","","11.6","","6.4","","0.0","","5.4","","0.0","","5.4","","0","","6","","35",""
"-89.33","48.37","THUNDER BAY A","6048261","1983-09-17","1983","09","17","","13.3","","2.3","","7.8","","10.2","","0.0","","0.3","","0.0","","0.3","","0","","10","","39",""
"-89.33","48.37","THUNDER BAY A","6048261","1983-09-18","1983","09","18","","17.6","","8.3","","13.0","","5.0","","0.0","","0.0","T","0.0","","0.0","T","0","","26","","50",""
"-89.33","48.37","THUNDER BAY A","6048261","1983-09-19","1983","09","19","","12.8","","7.0","","9.9","","8.1","","0.0","","0.0","","0.0","","0.0","","0","","","","<31",""
"-89.33","48.37","THUNDER BAY A","6048261","1983-09-20","1983","09","20","","13.7","","3.3","","8.5","","9.5","","0.0","","0.6","","0.0","","0.6","","0","","26","","44",""
"-89.33","48.37","THUNDER BAY A","6048261","1983-09-21","1983","09","21","","10.0","","2.2","","6.1","","11.9","","0.0","","0.2","","0.0","T","0.2","","0","","27","","48",""
"-89.33","48.37","THUNDER BAY A","6048261","1983-09-22","1983","09","22","","9.4","","-1.5","","4.0","","14.0","","0.0","","0.4","","0.0","T","0.4","","0","","35","","46",""
"-89.33","48.37","THUNDER BAY A","6048261","1983-09-23","1983","09","23","","14.7","","-3.0","","5.9","","12.1","","0.0","","0.0","","0.0","","0.0","","0","","25","","33",""
"-89.33","48.37","THUNDER BAY A","6048261","1983-09-24","1983","09","24","","16.7","","-2.3","","7.2","","10.8","","0.0","","0.0","","0.0","","0.0","","0","","20","","50",""
"-89.33","48.37","THUNDER BAY A","6048261","1983-09-25","1983","09","25","","24.1","","2.2","","13.2","","4.8","","0.0","","0.0","","0.0","","0.0","","0","","","","<31",""
"-89.33","48.37","THUNDER BAY A","6048261","1983-09-26","1983","09","26","","23.5","","4.7","","14.1","","3.9","","0.0","","0.0","","0.0","","0.0","","0","","","","<31",""
"-89.33","48.37","THUNDER BAY A","6048261","1983-09-27","1983","09","27","","18.1","","2.5","","10.3","","7.7","","0.0","","0.4","","0.0","","0.4","","0","","","","<31",""
"-89.33","48.37","THUNDER BAY A","6048261","1983-09-28","1983","09","28","","22.8","","12.0","","17.4","","0.6","","0.0","","1.4","","0.0","","1.4","","0","","","","<31",""
"-89.33","48.37","THUNDER BAY A","6048261","1983-09-29","1983","09","29","","17.2","","10.8","","14.0","","4.0","","0.0","","17.1","","0.0","","17.1","","0","","","","<31",""
"-89.33","48.37","THUNDER BAY A","6048261","1983-09-30","1983","09","30","","12.4","","10.2","","11.3","","6.7","","0.0","","15.8","","0.0","","15.8","","0","","","","<31",""
"-89.33","48.37","THUNDER BAY A","6048261","1983-10-01","1983","10","01","","19.8","","11.2","","15.5","","2.5","","0.0","","2.2","","0.0","","2.2","","0","","","","<31",""
"-89.33","48.37","THUNDER BAY A","6048261","1983-10-02","1983","10","02","","14.4","","8.2","","11.3","","6.7","","0.0","","7.2","","0.0","","7.2","","0","","","","<31",""
"-89.33","48.37","THUNDER BAY A","6048261","1983-10-03","1983","10","03","","10.6","","6.5","","8.6","","9.4","","0.0","","2.4","","0.0","","2.4","","0","","","","<31",""
"-89.33","48.37","THUNDER BAY A","6048261","1983-10-04","1983","10","04","","8.3","","4.3","","6.3","","11.7","","0.0","","0.2","","0.0","","0.2","","0","","","","<31",""
"-89.33","48.37","THUNDER BAY A","6048261","1983-10-05","1983","10","05","","14.4","","5.4","","9.9","","8.1","","0.0","","2.3","","0.0","","2.3","","0","","","","<31",""
"-89.33","48.37","THUNDER BAY A","6048261","1983-10-06","1983","10","06","","10.0","","1.0","","5.5","","12.5","","0.0","","0.2","","0.0","","0.2","","0","","29","","41",""
"-89.33","48.37","THUNDER BAY A","6048261","1983-10-07","1983","10","07","","7.3","","1.2","","4.3","","13.7","","0.0","","6.3","","0.0","","6.3","","0","","","","<31",""
"-89.33","48.37","THUNDER BAY A","6048261","1983-10-08","1983","10","08","","11.2","","-2.1","","4.6","","13.4","","0.0","","0.0","T","0.0","","0.0","T","0","","","","<31",""
"-89.33","48.37","THUNDER BAY A","6048261","1983-10-09","1983","10","09","","15.3","","-2.0","","6.7","","11.3","","0.0","","0.0","","0.0","","0.0","","0","","18","","31",""
"-89.33","48.37","THUNDER BAY A","6048261","1983-10-10","1983","10","10","","12.0","","6.5","","9.3","","8.7","","0.0","","3.6","","0.0","","3.6","","0","","15","","41",""
"-89.33","48.37","THUNDER BAY A","6048261","1983-10-11","1983","10","11","","13.9","","5.0","","9.5","","8.5","","0.0","","13.7","","0.0","","13.7","","0","","27","","41",""
"-89.33","48.37","THUNDER BAY A","6048261","1983-10-12","1983","10","12","","5.3","","2.6","","4.0","","14.0","","0.0","","7.4","","0.0","","7.4","","0","","","","<31",""
"-89.33","48.37","THUNDER BAY A","6048261","1983-10-13","1983","10","13","","6.4","","0.9","","3.7","","14.3","","0.0","","9.6","","1.3","","10.9","","0","","28","","31",""
"-89.33","48.37","THUNDER BAY A","6048261","1983-10-14","1983","10","14","","5.7","","-3.5","","1.1","","16.9","","0.0","","0.8","","7.0","","7.8","","4","","28","","59",""
"-89.33","48.37","THUNDER BAY A","6048261","1983-10-15","1983","10","15","","6.9","","-5.2","","0.9","","17.1","","0.0","","7.8","","0.0","","7.8","","0","","9","","41",""
"-89.33","48.37","THUNDER BAY A","6048261","1983-10-16","1983","10","16","","11.7","","4.5","","8.1","","9.9","","0.0","","1.0","","0.0","","1.0","","0","","28","","46",""
"-89.33","48.37","THUNDER BAY A","6048261","1983-10-17","1983","10","17","","8.7","","-3.2","","2.8","","15.2","","0.0","","0.2","","0.0","","0.2","","0","","27","","48",""
"-89.33","48.37","THUNDER BAY A","6048261","1983-10-18","1983","10","18","","6.2","","-4.7","","0.8","","17.2","","0.0","","0.0","","0.0","","0.0","","0","","","","<31",""
"-89.33","48.37","THUNDER BAY A","6048261","1983-10-19","1983","10","19","","7.7","","-6.7","","0.5","","17.5","","0.0","","0.0","","0.0","","0.0","","0","","","","<31",""
"-89.33","48.37","THUNDER BAY A","6048261","1983-10-20","1983","10","20","","9.4","","-2.7","","3.4","","14.6","","0.0","","0.0","","0.0","","0.0","","0","","","","<31",""
"-89.33","48.37","THUNDER BAY A","6048261","1983-10-21","1983","10","21","","10.8","","-5.0","","2.9","","15.1","","0.0","","0.0","","0.0","","0.0","","0","","","","<31",""
"-89.33","48.37","THUNDER BAY A","6048261","1983-10-22","1983","10","22","","9.6","","0.4","","5.0","","13.0","","0.0","","0.0","","0.0","","0.0","","0","","","","<31",""
"-89.33","48.37","THUNDER BAY A","6048261","1983-10-23","1983","10","23","","11.2","","-2.9","","4.2","","13.8","","0.0","","0.0","","0.0","","0.0","","0","","","","<31",""
"-89.33","48.37","THUNDER BAY A","6048261","1983-10-24","1983","10","24","","13.4","","-0.9","","6.3","","11.7","","0.0","","1.0","","0.0","","1.0","","0","","22","","35",""
"-89.33","48.37","THUNDER BAY A","6048261","1983-10-25","1983","10","25","","10.5","","0.8","","5.7","","12.3","","0.0","","0.0","","0.0","","0.0","","0","","28","","46",""
"-89.33","48.37","THUNDER BAY A","6048261","1983-10-26","1983","10","26","","12.4","","-1.0","","5.7","","12.3","","0.0","","0.0","T","0.0","","0.0","T","0","","","","<31",""
"-89.33","48.37","THUNDER BAY A","6048261","1983-10-27","1983","10","27","","20.0","","0.6","","10.3","","7.7","","0.0","","0.0","","0.0","","0.0","","0","","","","<31",""
"-89.33","48.37","THUNDER BAY A","6048261","1983-10-28","1983","10","28","","8.0","","-0.7","","3.7","","14.3","","0.0","","0.5","","0.0","T","0.5","","0","","30","","67",""
"-89.33","48.37","THUNDER BAY A","6048261","1983-10-29","1983","10","29","","8.4","","-4.4","","2.0","","16.0","","0.0","","0.0","","0.0","","0.0","","0","","","","<31",""
"-89.33","48.37","THUNDER BAY A","6048261","1983-10-30","1983","10","30","","13.2","","-5.5","","3.9","","14.1","","0.0","","0.0","","0.0","","0.0","","0","","","","<31",""
"-89.33","48.37","THUNDER BAY A","6048261","1983-10-31","1983","10","31","","12.8","","-2.6","","5.1","","12.9","","0.0","","0.0","","0.0","","0.0","","0","","","","<31",""
"-89.33","48.37","THUNDER BAY A","6048261","1983-11-01","1983","11","01","","12.6","","2.9","","7.8","","10.2","","0.0","","0.0","","0.0","","0.0","","0","","","","<31",""
"-89.33","48.37","THUNDER BAY A","6048261","1983-11-02","1983","11","02","","10.9","","-1.1","","4.9","","13.1","","0.0","","0.0","T","0.0","","0.0","T","0","","1","","48",""
"-89.33","48.37","THUNDER BAY A","6048261","1983-11-03","1983","11","03","","1.9","","-8.0","","-3.1","","21.1","","0.0","","0.0","","0.0","","0.0","","0","","","","<31",""
"-89.33","48.37","THUNDER BAY A","6048261","1983-11-04","1983","11","04","","6.1","","-9.4","","-1.7","","19.7","","0.0","","0.0","","0.0","","0.0","","0","","","","<31",""
"-89.33","48.37","THUNDER BAY A","6048261","1983-11-05","1983","11","05","","11.1","","-6.8","","2.2","","15.8","","0.0","","0.0","","0.0","","0.0","","0","","21","","37",""
"-89.33","48.37","THUNDER BAY A","6048261","1983-11-06","1983","11","06","","12.9","","-0.6","","6.2","","11.8","","0.0","","0.0","","0.0","","0.0","","0","","","","<31",""
"-89.33","48.37","THUNDER BAY A","6048261","1983-11-07","1983","11","07","","10.1","","-4.4","","2.9","","15.1","","0.0","","0.0","","0.0","","0.0","","0","","23","","37",""
"-89.33","48.37","THUNDER BAY A","6048261","1983-11-08","1983","11","08","","10.0","","1.5","","5.8","","12.2","","0.0","","0.0","","0.0","","0.0","","0","","26","","70",""
"-89.33","48.37","THUNDER BAY A","6048261","1983-11-09","1983","11","09","","2.1","","-4.7","","-1.3","","19.3","","0.0","","0.0","","2.6","","2.6","","0","","36","","35",""
"-89.33","48.37","THUNDER BAY A","6048261","1983-11-10","1983","11","10","","-1.5","","-8.4","","-5.0","","23.0","","0.0","","0.0","","0.0","","0.0","","2","","2","","35",""
"-89.33","48.37","THUNDER BAY A","6048261","1983-11-11","1983","11","11","","-1.1","","-12.0","","-6.6","","24.6","","0.0","","0.0","","0.0","T","0.0","T","2","","","","<31",""
"-89.33","48.37","THUNDER BAY A","6048261","1983-11-12","1983","11","12","","1.2","","-15.0","","-6.9","","24.9","","0.0","","0.0","","0.0","","0.0","","1","","","","<31",""
"-89.33","48.37","THUNDER BAY A","6048261","1983-11-13","1983","11","13","","1.2","","-12.0","","-5.4","","23.4","","0.0","","0.0","T","2.0","","2.0","","1","","","","<31",""
"-89.33","48.37","THUNDER BAY A","6048261","1983-11-14","1983","11","14","","2.7","","0.0","","1.4","","16.6","","0.0","","0.3","","0.2","","0.5","","1","","","","<31",""
"-89.33","48.37","THUNDER BAY A","6048261","1983-11-15","1983","11","15","","3.9","","-0.1","","1.9","","16.1","","0.0","","0.0","T","0.0","","0.0","T","0","T","35","","35",""
"-89.33","48.37","THUNDER BAY A","6048261","1983-11-16","1983","11","16","","0.8","","-3.7","","-1.5","","19.5","","0.0","","0.0","","0.0","T","0.0","T","0","T","36","","43",""
"-89.33","48.37","THUNDER BAY A","6048261","1983-11-17","1983","11","17","","0.2","","-5.7","","-2.8","","20.8","","0.0","","0.0","","0.0","T","0.0","T","0","T","","","<31",""
"-89.33","48.37","THUNDER BAY A","6048261","1983-11-18","1983","11","18","","3.1","","-0.2","","1.5","","16.5","","0.0","","0.0","T","0.0","T","0.0","T","0","T","","","<31",""
"-89.33","48.37","THUNDER BAY A","6048261","1983-11-19","1983","11","19","","5.2","","1.3","","3.3","","14.7","","0.0","","9.6","","0.4","","10.0","","0","","6","","61",""
"-89.33","48.37","THUNDER BAY A","6048261","1983-11-20","1983","11","20","","5.6","","0.2","","2.9","","15.1","","0.0","","30.5","","3.4","","33.9","","0","","6","","57",""
"-89.33","48.37","THUNDER BAY A","6048261","1983-11-21","1983","11","21","","0.6","","-4.1","","-1.8","","19.8","","0.0","","0.0","","4.8","","4.2","","5","","25","","54",""
"-89.33","48.37","THUNDER BAY A","6048261","1983-11-22","1983","11","22","","-1.4","","-4.1","","-2.8","","20.8","","0.0","","0.0","","3.3","","3.3","","5","","4","","31",""
"-89.33","48.37","THUNDER BAY A","6048261","1983-11-23","1983","11","23","","7.1","","-2.4","","2.4","","15.6","","0.0","","32.2","","4.6","","37.5","","9","","11","","69",""
"-89.33","48.37","THUNDER BAY A","6048261","1983-11-24","1983","11","24","","-1.3","","-6.7","","-4.0","","22.0","","0.0","","0.0","","0.0","T","0.0","T","3","","23","","76",""
"-89.33","48.37","THUNDER BAY A","6048261","1983-11-25","1983","11","25","","-3.3","","-8.0","","-5.7","","23.7","","0.0","","0.0","","0.0","","0.0","","3","","25","","39",""
"-89.33","48.37","THUNDER BAY A","6048261","1983-11-26","1983","11","26","","-2.7","","-10.5","","-6.6","","24.6","","0.0","","0.0","","0.0","T","0.0","T","3","","","","<31",""
"-89.33","48.37","THUNDER BAY A","6048261","1983-11-27","1983","11","27","","-1.3","","-10.4","","-5.9","","23.9","","0.0","","0.0","","0.0","T","0.0","T","3","","6","","50",""
"-89.33","48.37","THUNDER BAY A","6048261","1983-11-28","1983","11","28","","-3.1","","-5.4","","-4.3","","22.3","","0.0","","0.7","","6.7","","7.2","","3","","5","","50",""
"-89.33","48.37","THUNDER BAY A","6048261","1983-11-29","1983","11","29","","-4.2","","-6.2","","-5.2","","23.2","","0.0","","0.0","","2.6","","2.6","","12","","","","<31",""
"-89.33","48.37","THUNDER BAY A","6048261","1983-11-30","1983","11","30","","-4.3","","-8.2","","-6.3","","24.3","","0.0","","0.0","","0.0","T","0.0","T","12","","31","","39",""
"-89.33","48.37","THUNDER BAY A","6048261","1983-12-01","1983","12","01","","-5.9","","-14.4","","-10.2","","28.2","","0.0","","0.0","","0.0","T","0.0","T","11","","24","","33",""
"-89.33","48.37","THUNDER BAY A","6048261","1983-12-02","1983","12","02","","-8.1","","-19.1","","-13.6","","31.6","","0.0","","0.0","","0.0","T","0.0","T","11","","27","","44",""
"-89.33","48.37","THUNDER BAY A","6048261","1983-12-03","1983","12","03","","-2.3","","-21.8","","-12.1","","30.1","","0.0","","0.0","","0.2","","0.2","","9","","","","<31",""
"-89.33","48.37","THUNDER BAY A","6048261","1983-12-04","1983","12","04","","-1.7","","-12.4","","-7.1","","25.1","","0.0","","0.0","","0.0","","0.0","","8","","23","","35",""
"-89.33","48.37","THUNDER BAY A","6048261","1983-12-05","1983","12","05","","-7.4","","-20.2","","-13.8","","31.8","","0.0","","0.0","","0.0","T","0.0","T","8","","","","<31",""
"-89.33","48.37","THUNDER BAY A","6048261","1983-12-06","1983","12","06","","-10.9","","-22.3","","-16.6","","34.6","","0.0","","0.0","","0.0","","0.0","","8","","","","<31",""
"-89.33","48.37","THUNDER BAY A","6048261","1983-12-07","1983","12","07","","-9.0","","-22.5","","-15.8","","33.8","","0.0","","0.0","","0.0","","0.0","","8","","","","<31",""
"-89.33","48.37","THUNDER BAY A","6048261","1983-12-08","1983","12","08","","-7.9","","-20.8","","-14.4","","32.4","","0.0","","0.0","","0.2","","0.0","T","8","","28","","39",""
"-89.33","48.37","THUNDER BAY A","6048261","1983-12-09","1983","12","09","","-15.6","","-27.4","","-21.5","","39.5","","0.0","","0.0","","0.0","","0.0","","8","","","","<31",""
"-89.33","48.37","THUNDER BAY A","6048261","1983-12-10","1983","12","10","","-11.0","","-26.9","","-19.0","","37.0","","0.0","","0.0","","2.8","","1.9","","8","","6","","37",""
"-89.33","48.37","THUNDER BAY A","6048261","1983-12-11","1983","12","11","","-1.1","","-11.6","","-6.4","","24.4","","0.0","","0.0","","20.4","","19.4","","14","","10","","46",""
"-89.33","48.37","THUNDER BAY A","6048261","1983-12-12","1983","12","12","","-2.0","","-18.4","","-10.2","","28.2","","0.0","","0.0","","0.0","T","0.0","T","29","","29","","35",""
"-89.33","48.37","THUNDER BAY A","6048261","1983-12-13","1983","12","13","","-7.3","","-16.8","","-12.1","","30.1","","0.0","","0.0","","6.6","","5.5","","29","","4","","37",""
"-89.33","48.37","THUNDER BAY A","6048261","1983-12-14","1983","12","14","","-6.8","","-9.1","","-8.0","","26.0","","0.0","","0.0","","0.2","","0.0","T","35","","36","","43",""
"-89.33","48.37","THUNDER BAY A","6048261","1983-12-15","1983","12","15","","-9.1","","-19.2","","-14.2","","32.2","","0.0","","0.0","","1.0","","1.0","","35","","1","","56",""
"-89.33","48.37","THUNDER BAY A","6048261","1983-12-16","1983","12","16","","-16.8","","-22.5","","-19.7","","37.7","","0.0","","0.0","","0.2","","0.2","","35","","","","<31",""
"-89.33","48.37","THUNDER BAY A","6048261","1983-12-17","1983","12","17","","-19.9","","-27.6","","-23.8","","41.8","","0.0","","0.0","","0.0","T","0.0","T","33","","28","","33",""
"-89.33","48.37","THUNDER BAY A","6048261","1983-12-18","1983","12","18","","-24.4","","-31.9","","-28.2","","46.2","","0.0","","0.0","","0.0","T","0.0","T","30","","29","","35",""
"-89.33","48.37","THUNDER BAY A","6048261","1983-12-19","1983","12","19","","-22.2","","-33.3","","-27.8","","45.8","","0.0","","0.0","","0.0","","0.0","","28","","","","<31",""
"-89.33","48.37","THUNDER BAY A","6048261","1983-12-20","1983","12","20","","-18.6","","-30.3","","-24.5","","42.5","","0.0","","0.0","","0.0","","0.0","","26","","","","<31",""
"-89.33","48.37","THUNDER BAY A","6048261","1983-12-21","1983","12","21","","-5.9","","-23.9","","-14.9","","32.9","","0.0","","0.0","","11.8","","7.7","","26","","15","","33",""
"-89.33","48.37","THUNDER BAY A","6048261","1983-12-22","1983","12","22","","-10.1","","-23.4","","-16.8","","34.8","","0.0","","0.0","","1.6","","1.0","","36","","26","","56",""
"-89.33","48.37","THUNDER BAY A","6048261","1983-12-23","1983","12","23","","-21.5","","-27.6","","-24.6","","42.6","","0.0","","0.0","","0.0","T","0.0","T","36","","27","","56",""
"-89.33","48.37","THUNDER BAY A","6048261","1983-12-24","1983","12","24","","-20.1","","-24.3","","-22.2","","40.2","","0.0","","0.0","","0.0","T","0.0","T","34","","28","","78",""
"-89.33","48.37","THUNDER BAY A","6048261","1983-12-25","1983","12","25","","-15.4","","-27.2","","-21.3","","39.3","","0.0","","0.0","","1.0","","0.8","","30","","26","","50",""
"-89.33","48.37","THUNDER BAY A","6048261","1983-12-26","1983","12","26","","-8.2","","-17.8","","-13.0","","31.0","","0.0","","0.0","","0.0","T","0.0","T","28","","24","","39",""
"-89.33","48.37","THUNDER BAY A","6048261","1983-12-27","1983","12","27","","-11.0","","-21.2","","-16.1","","34.1","","0.0","","0.0","","0.0","","0.0","","27","","","","<31",""
"-89.33","48.37","THUNDER BAY A","6048261","1983-12-28","1983","12","28","","-13.1","","-22.8","","-18.0","","36.0","","0.0","","0.0","","0.0","T","0.0","T","25","","29","","41",""
"-89.33","48.37","THUNDER BAY A","6048261","1983-12-29","1983","12","29","","-15.8","","-26.3","","-21.1","","39.1","","0.0","","0.0","","0.0","T","0.0","T","23","","26","","43",""
"-89.33","48.37","THUNDER BAY A","6048261","1983-12-30","1983","12","30","","-8.0","","-19.7","","-13.9","","31.9","","0.0","","0.0","","0.0","","0.0","","22","","24","","37",""
"-89.33","48.37","THUNDER BAY A","6048261","1983-12-31","1983","12","31","","-10.4","","-21.6","","-16.0","","34.0","","0.0","","0.0","","0.0","","0.0","","22","","","","<31",""
